timestamp,source_ip,destination_ip,protocol,method,path,status_code,size,duration
2025-08-15 15:31:59,40.99.105.12,210.29.237.248,UDP,,,,4038,0.418
2025-08-15 15:32:04,89.100.60.124,161.118.157.114,HTTPS,DELETE,/explore/posts,200,3447,0.72
2025-08-15 15:32:09,169.216.244.177,22.150.127.174,ICMP,,,,3082,0.189
2025-08-15 15:32:14,103.215.232.241,210.29.237.248,TCP,,,,1752,1.48
2025-08-15 15:32:19,14.69.123.253,130.122.109.4,ICMP,,,,2650,1.778
2025-08-15 15:32:24,40.99.105.12,130.122.109.4,HTTPS,POST,/posts/category/main,200,2746,0.346
2025-08-15 15:32:29,84.151.193.212,130.122.109.4,UDP,,,,156,0.633
2025-08-15 15:32:34,16.14.183.45,130.122.109.4,HTTP,GET,/category/explore,401,1803,0.065
2025-08-15 15:32:39,165.140.229.70,103.46.217.238,TCP,,,,3573,0.848
2025-08-15 15:32:44,103.215.232.241,103.46.217.238,TCP,,,,3862,1.064
2025-08-15 15:32:49,14.69.123.253,210.29.237.248,TCP,,,,2979,0.669
2025-08-15 15:32:54,33.19.173.26,161.118.157.114,TCP,,,,3951,0.49
2025-08-15 15:32:59,84.151.193.212,83.48.170.212,UDP,,,,1972,1.526
2025-08-15 15:33:04,144.225.85.15,83.48.170.212,TCP,,,,2115,1.741
2025-08-15 15:33:09,123.48.199.124,36.230.3.167,HTTP,DELETE,/list/search/search,200,4307,0.931
2025-08-15 15:33:14,89.100.60.124,36.230.3.167,HTTP,HEAD,/list,301,2717,0.576
2025-08-15 15:33:19,16.14.183.45,36.230.3.167,ICMP,,,,4822,1.855
2025-08-15 15:33:24,16.14.183.45,161.118.157.114,UDP,,,,2849,0.438
2025-08-15 15:33:29,169.216.244.177,36.230.3.167,HTTPS,DELETE,/tags/explore/blog,403,2601,1.897
2025-08-15 15:33:34,123.48.199.124,36.230.3.167,HTTPS,HEAD,/list/app,404,3104,0.326
2025-08-15 15:33:39,221.72.113.221,26.91.209.30,TCP,,,,2157,1.918
2025-08-15 15:33:44,103.215.232.241,103.46.217.238,ICMP,,,,1037,1.171
2025-08-15 15:33:49,84.151.193.212,161.118.157.114,ICMP,,,,926,0.763
2025-08-15 15:33:54,89.100.60.124,22.150.127.174,TCP,,,,2489,1.915
2025-08-15 15:33:59,165.140.229.70,109.122.1.207,ICMP,,,,4735,1.258
2025-08-15 15:34:04,61.222.161.82,130.122.109.4,TCP,,,,2368,1.562
2025-08-15 15:34:09,144.225.85.15,161.118.157.114,HTTPS,DELETE,/posts/app/blog,403,2442,1.937
2025-08-15 15:34:14,84.151.193.212,130.122.109.4,HTTPS,GET,/wp-content,401,2292,1.302
2025-08-15 15:34:19,123.48.199.124,26.91.209.30,UDP,,,,4302,0.239
2025-08-15 15:34:24,202.157.43.35,161.118.157.114,UDP,,,,3793,1.676
2025-08-15 15:34:29,103.215.232.241,161.118.157.114,HTTPS,DELETE,/category,404,3150,1.438
2025-08-15 15:34:34,123.48.199.124,26.91.209.30,UDP,,,,851,1.101
2025-08-15 15:34:39,144.225.85.15,130.122.109.4,ICMP,,,,3037,1.48
2025-08-15 15:34:44,202.157.43.35,22.150.127.174,HTTPS,PUT,/app,302,1839,0.907
2025-08-15 15:34:49,98.89.44.217,109.122.1.207,HTTP,POST,/main/search,404,2298,1.201
2025-08-15 15:34:54,202.157.43.35,210.29.237.248,ICMP,,,,755,1.036
2025-08-15 15:34:59,33.19.173.26,109.122.1.207,HTTPS,HEAD,/wp-content/posts,302,4335,0.083
2025-08-15 15:35:04,187.92.45.235,162.127.48.54,UDP,,,,1170,1.046
2025-08-15 15:35:09,40.99.105.12,83.48.170.212,TCP,,,,4522,1.045
2025-08-15 15:35:14,56.35.201.241,210.29.237.248,HTTP,DELETE,/categories/app/main,500,2689,0.48
2025-08-15 15:35:19,89.100.60.124,36.230.3.167,UDP,,,,2378,1.948
2025-08-15 15:35:24,103.215.232.241,103.46.217.238,UDP,,,,1132,0.532
2025-08-15 15:35:29,98.89.44.217,26.91.209.30,TCP,,,,1589,0.204
2025-08-15 15:35:34,103.215.232.241,162.127.48.54,HTTPS,GET,/app/explore/wp-content,401,4607,1.57
2025-08-15 15:35:39,84.151.193.212,22.150.127.174,TCP,,,,1430,0.646
2025-08-15 15:35:44,103.215.232.241,26.91.209.30,UDP,,,,3374,0.392
2025-08-15 15:35:49,189.92.105.205,210.29.237.248,TCP,,,,2095,0.716
2025-08-15 15:35:54,89.100.60.124,36.230.3.167,HTTPS,PUT,/search/explore,200,650,1.746
2025-08-15 15:35:59,40.99.105.12,130.122.109.4,ICMP,,,,4229,1.981
2025-08-15 15:36:04,144.225.85.15,161.118.157.114,HTTP,PUT,/posts/categories,400,4942,1.857
2025-08-15 15:36:09,165.140.229.70,103.46.217.238,HTTPS,HEAD,/tags,500,4801,1.972
2025-08-15 15:36:14,40.99.105.12,83.48.170.212,ICMP,,,,1033,1.969
2025-08-15 15:36:19,144.225.85.15,36.230.3.167,TCP,,,,1040,1.242
2025-08-15 15:36:24,16.14.183.45,103.46.217.238,HTTPS,PUT,/tags/search,400,1980,1.129
2025-08-15 15:36:29,98.89.44.217,103.46.217.238,HTTP,GET,/main/list/category,400,874,0.891
2025-08-15 15:36:34,40.99.105.12,130.122.109.4,HTTP,HEAD,/explore/app,403,3699,1.91
2025-08-15 15:36:39,200.176.202.82,36.230.3.167,TCP,,,,4044,0.676
2025-08-15 15:36:44,200.176.202.82,210.29.237.248,ICMP,,,,2235,1.848
2025-08-15 15:36:49,187.92.45.235,161.118.157.114,ICMP,,,,4022,0.967
2025-08-15 15:36:54,16.14.183.45,22.150.127.174,UDP,,,,2235,0.159
2025-08-15 15:36:59,56.35.201.241,210.29.237.248,HTTP,POST,/list,400,1973,0.426
2025-08-15 15:37:04,89.100.60.124,36.230.3.167,ICMP,,,,3005,0.247
2025-08-15 15:37:09,200.176.202.82,161.118.157.114,ICMP,,,,4020,1.182
2025-08-15 15:37:14,189.92.105.205,109.122.1.207,HTTPS,PUT,/app/app/posts,400,3709,0.315
2025-08-15 15:37:19,169.216.244.177,36.230.3.167,TCP,,,,3827,0.221
2025-08-15 15:37:24,61.222.161.82,103.46.217.238,ICMP,,,,4027,0.141
2025-08-15 15:37:29,61.222.161.82,22.150.127.174,HTTPS,HEAD,/app,400,1213,0.043
2025-08-15 15:37:34,108.169.79.244,161.118.157.114,UDP,,,,1275,1.381
2025-08-15 15:37:39,89.100.60.124,210.29.237.248,ICMP,,,,2429,0.791
2025-08-15 15:37:44,33.19.173.26,26.91.209.30,HTTPS,HEAD,/main/app,302,2455,0.798
2025-08-15 15:37:49,221.72.113.221,162.127.48.54,TCP,,,,4953,1.536
2025-08-15 15:37:54,169.216.244.177,210.29.237.248,UDP,,,,2155,1.188
2025-08-15 15:37:59,103.215.232.241,162.127.48.54,UDP,,,,2662,0.518
2025-08-15 15:38:04,189.92.105.205,83.48.170.212,ICMP,,,,2114,0.554
2025-08-15 15:38:09,33.19.173.26,22.150.127.174,ICMP,,,,2471,1.149
2025-08-15 15:38:14,61.222.161.82,83.48.170.212,HTTPS,PUT,/explore/blog/tag,302,1665,0.678
2025-08-15 15:38:19,144.225.85.15,109.122.1.207,ICMP,,,,4587,1.676
2025-08-15 15:38:24,16.14.183.45,210.29.237.248,TCP,,,,2747,0.452
2025-08-15 15:38:29,98.89.44.217,162.127.48.54,ICMP,,,,925,0.909
2025-08-15 15:38:34,89.100.60.124,36.230.3.167,ICMP,,,,1574,0.419
2025-08-15 15:38:39,144.225.85.15,83.48.170.212,TCP,,,,4723,1.685
2025-08-15 15:38:44,108.169.79.244,161.118.157.114,TCP,,,,3265,1.789
2025-08-15 15:38:49,144.225.85.15,26.91.209.30,ICMP,,,,2216,0.433
2025-08-15 15:38:54,189.92.105.205,109.122.1.207,HTTP,HEAD,/tags/wp-content/posts,302,416,0.733
2025-08-15 15:38:59,123.48.199.124,36.230.3.167,ICMP,,,,3890,1.964
2025-08-15 15:39:04,103.215.232.241,109.122.1.207,HTTPS,DELETE,/app,401,674,1.532
2025-08-15 15:39:09,84.151.193.212,26.91.209.30,HTTPS,GET,/blog/main/explore,302,3648,1.03
2025-08-15 15:39:14,200.176.202.82,210.29.237.248,HTTP,HEAD,/tag/tag,200,4873,0.765
2025-08-15 15:39:19,61.222.161.82,210.29.237.248,UDP,,,,1445,1.84
2025-08-15 15:39:24,98.89.44.217,109.122.1.207,HTTPS,GET,/blog/main,400,865,1.73
2025-08-15 15:39:29,187.92.45.235,210.29.237.248,HTTP,HEAD,/blog/explore/categories,401,2277,1.127
2025-08-15 15:39:34,103.215.232.241,22.150.127.174,HTTPS,PUT,/category/tag,200,3589,0.332
2025-08-15 15:39:39,189.92.105.205,26.91.209.30,HTTP,HEAD,/wp-content/category,401,4665,1.17
2025-08-15 15:39:44,14.69.123.253,109.122.1.207,UDP,,,,2971,1.754
2025-08-15 15:39:49,103.215.232.241,83.48.170.212,ICMP,,,,2293,1.086
2025-08-15 15:39:54,202.157.43.35,103.46.217.238,HTTP,GET,/search,404,1837,1.747
2025-08-15 15:39:59,108.169.79.244,26.91.209.30,TCP,,,,476,0.532
2025-08-15 15:40:04,187.92.45.235,109.122.1.207,UDP,,,,3504,1.687
2025-08-15 15:40:09,165.140.229.70,22.150.127.174,TCP,,,,3822,0.452
2025-08-15 15:40:14,165.140.229.70,130.122.109.4,HTTPS,POST,/list/tag/list,301,1526,1.543
2025-08-15 15:40:19,89.100.60.124,130.122.109.4,UDP,,,,3006,1.109
2025-08-15 15:40:24,221.72.113.221,130.122.109.4,ICMP,,,,1897,1.494
2025-08-15 15:40:29,33.19.173.26,210.29.237.248,HTTP,PUT,/main,401,2342,1.511
2025-08-15 15:40:34,16.14.183.45,22.150.127.174,ICMP,,,,657,0.214
2025-08-15 15:40:39,200.176.202.82,210.29.237.248,HTTPS,DELETE,/list/blog,401,3433,1.489
2025-08-15 15:40:44,169.216.244.177,161.118.157.114,TCP,,,,4710,1.513
2025-08-15 15:40:49,123.48.199.124,36.230.3.167,HTTPS,GET,/app/blog,400,2438,0.391
2025-08-15 15:40:54,16.14.183.45,103.46.217.238,UDP,,,,2370,1.688
2025-08-15 15:40:59,84.151.193.212,210.29.237.248,UDP,,,,2607,1.476
2025-08-15 15:41:04,33.19.173.26,22.150.127.174,TCP,,,,3443,0.237
2025-08-15 15:41:09,169.216.244.177,130.122.109.4,HTTPS,POST,/main/blog,404,657,0.099
2025-08-15 15:41:14,103.215.232.241,36.230.3.167,HTTP,HEAD,/app/app,500,1710,0.84
2025-08-15 15:41:19,200.176.202.82,83.48.170.212,ICMP,,,,4277,0.672
2025-08-15 15:41:24,56.35.201.241,162.127.48.54,HTTPS,HEAD,/wp-content/app,500,675,0.047
2025-08-15 15:41:29,202.157.43.35,130.122.109.4,TCP,,,,3504,1.576
2025-08-15 15:41:34,202.157.43.35,130.122.109.4,TCP,,,,4471,1.802
2025-08-15 15:41:39,16.14.183.45,210.29.237.248,UDP,,,,1783,0.359
2025-08-15 15:41:44,16.14.183.45,103.46.217.238,TCP,,,,3677,0.045
2025-08-15 15:41:49,33.19.173.26,26.91.209.30,HTTP,POST,/main,301,2680,1.98
2025-08-15 15:41:54,123.48.199.124,103.46.217.238,TCP,,,,113,1.933
2025-08-15 15:41:59,61.222.161.82,210.29.237.248,ICMP,,,,4743,0.582
2025-08-15 15:42:04,40.99.105.12,22.150.127.174,HTTPS,DELETE,/wp-content/list/tag,401,1314,0.295
2025-08-15 15:42:09,61.222.161.82,36.230.3.167,HTTPS,GET,/blog/explore,400,121,1.376
2025-08-15 15:42:14,84.151.193.212,109.122.1.207,HTTPS,GET,/main/explore/app,401,1426,0.044
2025-08-15 15:42:19,33.19.173.26,36.230.3.167,TCP,,,,685,1.47
2025-08-15 15:42:24,103.215.232.241,26.91.209.30,HTTP,POST,/category,301,3516,1.661
2025-08-15 15:42:29,200.176.202.82,83.48.170.212,TCP,,,,1723,0.461
2025-08-15 15:42:34,103.215.232.241,210.29.237.248,HTTP,PUT,/main/categories,401,664,1.814
2025-08-15 15:42:39,200.176.202.82,130.122.109.4,UDP,,,,4465,1.203
2025-08-15 15:42:44,169.216.244.177,162.127.48.54,ICMP,,,,1103,0.253
2025-08-15 15:42:49,123.48.199.124,83.48.170.212,HTTP,HEAD,/categories,404,2761,0.323
2025-08-15 15:42:54,56.35.201.241,26.91.209.30,UDP,,,,568,1.306
2025-08-15 15:42:59,98.89.44.217,26.91.209.30,HTTP,PUT,/category/categories/tags,302,3952,0.356
2025-08-15 15:43:04,16.14.183.45,162.127.48.54,HTTPS,PUT,/search/tag,500,2314,0.574
2025-08-15 15:43:09,187.92.45.235,161.118.157.114,ICMP,,,,3145,1.287
2025-08-15 15:43:14,123.48.199.124,130.122.109.4,TCP,,,,4327,0.725
2025-08-15 15:43:19,98.89.44.217,83.48.170.212,HTTPS,HEAD,/category/search,403,3689,0.242
2025-08-15 15:43:24,108.169.79.244,103.46.217.238,HTTP,PUT,/search/app,403,2084,0.852
2025-08-15 15:43:29,14.69.123.253,130.122.109.4,TCP,,,,4252,0.233
2025-08-15 15:43:34,189.92.105.205,36.230.3.167,HTTP,GET,/list,200,2721,0.292
2025-08-15 15:43:39,169.216.244.177,36.230.3.167,TCP,,,,4813,0.468
2025-08-15 15:43:44,33.19.173.26,161.118.157.114,UDP,,,,257,0.116
2025-08-15 15:43:49,144.225.85.15,210.29.237.248,UDP,,,,4364,1.994
2025-08-15 15:43:54,187.92.45.235,103.46.217.238,HTTP,DELETE,/tag,401,2636,0.307
2025-08-15 15:43:59,221.72.113.221,103.46.217.238,UDP,,,,2362,0.801
2025-08-15 15:44:04,123.48.199.124,103.46.217.238,ICMP,,,,4974,0.041
2025-08-15 15:44:09,165.140.229.70,109.122.1.207,UDP,,,,1504,0.976
2025-08-15 15:44:14,108.169.79.244,109.122.1.207,ICMP,,,,1418,1.225
2025-08-15 15:44:19,200.176.202.82,161.118.157.114,TCP,,,,2951,1.77
2025-08-15 15:44:24,200.176.202.82,130.122.109.4,TCP,,,,1649,0.079
2025-08-15 15:44:29,14.69.123.253,130.122.109.4,HTTP,DELETE,/main,500,3189,0.783
2025-08-15 15:44:34,14.69.123.253,103.46.217.238,HTTPS,GET,/posts,200,119,0.557
2025-08-15 15:44:39,56.35.201.241,109.122.1.207,ICMP,,,,1174,0.72
2025-08-15 15:44:44,56.35.201.241,26.91.209.30,UDP,,,,3927,0.38
2025-08-15 15:44:49,56.35.201.241,26.91.209.30,HTTP,DELETE,/wp-content/app,400,1571,0.847
2025-08-15 15:44:54,187.92.45.235,130.122.109.4,ICMP,,,,2503,1.598
2025-08-15 15:44:59,56.35.201.241,130.122.109.4,HTTP,DELETE,/blog,403,333,1.476
2025-08-15 15:45:04,202.157.43.35,83.48.170.212,ICMP,,,,4402,0.514
2025-08-15 15:45:09,98.89.44.217,22.150.127.174,HTTPS,DELETE,/wp-content/categories/categories,200,2776,0.054
2025-08-15 15:45:14,40.99.105.12,162.127.48.54,TCP,,,,179,1.822
2025-08-15 15:45:19,103.215.232.241,103.46.217.238,TCP,,,,4368,1.855
2025-08-15 15:45:24,61.222.161.82,109.122.1.207,TCP,,,,519,0.927
2025-08-15 15:45:29,56.35.201.241,210.29.237.248,UDP,,,,4220,0.451
2025-08-15 15:45:34,16.14.183.45,83.48.170.212,TCP,,,,3037,0.446
2025-08-15 15:45:39,61.222.161.82,161.118.157.114,ICMP,,,,866,1.737
2025-08-15 15:45:44,16.14.183.45,103.46.217.238,HTTP,GET,/tags/category/app,500,2802,1.081
2025-08-15 15:45:49,189.92.105.205,109.122.1.207,HTTP,GET,/blog/app,301,343,0.579
2025-08-15 15:45:54,189.92.105.205,36.230.3.167,TCP,,,,369,0.114
2025-08-15 15:45:59,16.14.183.45,210.29.237.248,HTTPS,POST,/tag,404,2459,1.264
2025-08-15 15:46:04,165.140.229.70,161.118.157.114,HTTPS,PUT,/app/explore/list,401,761,0.856
2025-08-15 15:46:09,200.176.202.82,210.29.237.248,ICMP,,,,1107,0.575
2025-08-15 15:46:14,221.72.113.221,36.230.3.167,HTTP,POST,/categories/posts/categories,200,646,1.581
2025-08-15 15:46:19,144.225.85.15,83.48.170.212,HTTP,HEAD,/wp-content/tag,404,3436,1.52
2025-08-15 15:46:24,98.89.44.217,36.230.3.167,UDP,,,,2029,1.7
2025-08-15 15:46:29,189.92.105.205,210.29.237.248,HTTPS,DELETE,/main/list,401,3054,1.278
2025-08-15 15:46:34,56.35.201.241,210.29.237.248,TCP,,,,2894,0.522
2025-08-15 15:46:39,40.99.105.12,22.150.127.174,HTTPS,PUT,/explore,400,412,1.213
2025-08-15 15:46:44,98.89.44.217,109.122.1.207,UDP,,,,4183,0.925
2025-08-15 15:46:49,98.89.44.217,130.122.109.4,HTTP,DELETE,/search/categories/tags,401,369,1.69
2025-08-15 15:46:54,144.225.85.15,162.127.48.54,ICMP,,,,4554,0.938
2025-08-15 15:46:59,40.99.105.12,83.48.170.212,HTTP,DELETE,/main/category,403,2131,1.434
2025-08-15 15:47:04,144.225.85.15,130.122.109.4,HTTPS,GET,/category,404,1317,0.965
2025-08-15 15:47:09,84.151.193.212,161.118.157.114,HTTP,HEAD,/list,302,1045,0.5
2025-08-15 15:47:14,61.222.161.82,130.122.109.4,HTTP,PUT,/posts/blog/main,401,2360,1.293
2025-08-15 15:47:19,84.151.193.212,26.91.209.30,ICMP,,,,2239,1.152
2025-08-15 15:47:24,165.140.229.70,26.91.209.30,HTTPS,PUT,/blog/explore,302,3847,1.173
2025-08-15 15:47:29,33.19.173.26,26.91.209.30,UDP,,,,2124,0.835
2025-08-15 15:47:34,187.92.45.235,162.127.48.54,UDP,,,,4350,1.371
2025-08-15 15:47:39,189.92.105.205,109.122.1.207,UDP,,,,281,0.752
2025-08-15 15:47:44,165.140.229.70,210.29.237.248,TCP,,,,2363,1.652
2025-08-15 15:47:49,200.176.202.82,210.29.237.248,ICMP,,,,4411,0.662
2025-08-15 15:47:54,33.19.173.26,109.122.1.207,UDP,,,,3281,1.048
2025-08-15 15:47:59,56.35.201.241,130.122.109.4,UDP,,,,1463,1.077
2025-08-15 15:48:04,61.222.161.82,109.122.1.207,ICMP,,,,3145,1.047
2025-08-15 15:48:09,165.140.229.70,36.230.3.167,HTTP,HEAD,/blog/blog/list,302,2798,1.774
2025-08-15 15:48:14,169.216.244.177,103.46.217.238,TCP,,,,1253,0.423
2025-08-15 15:48:19,98.89.44.217,22.150.127.174,TCP,,,,2241,1.964
2025-08-15 15:48:24,14.69.123.253,210.29.237.248,ICMP,,,,4374,0.795
2025-08-15 15:48:29,14.69.123.253,36.230.3.167,TCP,,,,3770,0.097
2025-08-15 15:48:34,221.72.113.221,83.48.170.212,HTTPS,PUT,/blog,302,4558,0.135
2025-08-15 15:48:39,98.89.44.217,161.118.157.114,UDP,,,,4013,1.614
2025-08-15 15:48:44,103.215.232.241,36.230.3.167,UDP,,,,458,1.101
2025-08-15 15:48:49,40.99.105.12,26.91.209.30,ICMP,,,,878,1.414
2025-08-15 15:48:54,98.89.44.217,130.122.109.4,TCP,,,,2822,0.278
2025-08-15 15:48:59,202.157.43.35,103.46.217.238,UDP,,,,3012,1.272
2025-08-15 15:49:04,108.169.79.244,83.48.170.212,HTTPS,POST,/search,404,2033,1.649
2025-08-15 15:49:09,33.19.173.26,36.230.3.167,TCP,,,,1994,0.277
2025-08-15 15:49:14,61.222.161.82,103.46.217.238,HTTPS,GET,/posts/main/blog,400,2265,0.976
2025-08-15 15:49:19,61.222.161.82,103.46.217.238,HTTPS,HEAD,/blog/tag,400,2121,0.378
2025-08-15 15:49:24,202.157.43.35,130.122.109.4,ICMP,,,,2442,0.533
2025-08-15 15:49:29,40.99.105.12,130.122.109.4,TCP,,,,893,1.621
2025-08-15 15:49:34,40.99.105.12,22.150.127.174,HTTPS,HEAD,/tags,404,2902,0.189
2025-08-15 15:49:39,98.89.44.217,22.150.127.174,HTTPS,POST,/app,401,3173,0.411
2025-08-15 15:49:44,221.72.113.221,130.122.109.4,HTTPS,HEAD,/list,302,3554,1.484
2025-08-15 15:49:49,165.140.229.70,109.122.1.207,TCP,,,,172,0.719
2025-08-15 15:49:54,169.216.244.177,26.91.209.30,ICMP,,,,2476,1.256
2025-08-15 15:49:59,84.151.193.212,26.91.209.30,HTTPS,GET,/wp-content/list/posts,500,3133,1.942
2025-08-15 15:50:04,98.89.44.217,210.29.237.248,TCP,,,,645,0.455
2025-08-15 15:50:09,123.48.199.124,109.122.1.207,HTTPS,PUT,/app/categories/tags,301,739,1.448
2025-08-15 15:50:14,84.151.193.212,26.91.209.30,HTTP,GET,/search/posts,200,1521,1.53
2025-08-15 15:50:19,200.176.202.82,130.122.109.4,HTTPS,POST,/categories/list/blog,403,3408,1.623
2025-08-15 15:50:24,200.176.202.82,109.122.1.207,TCP,,,,456,0.417
2025-08-15 15:50:29,89.100.60.124,162.127.48.54,HTTPS,DELETE,/categories/explore,302,2387,1.617
2025-08-15 15:50:34,84.151.193.212,210.29.237.248,ICMP,,,,1673,0.74
2025-08-15 15:50:39,108.169.79.244,26.91.209.30,ICMP,,,,4100,0.491
2025-08-15 15:50:44,189.92.105.205,36.230.3.167,HTTPS,PUT,/list/explore,401,1199,1.266
2025-08-15 15:50:49,108.169.79.244,130.122.109.4,UDP,,,,4715,1.174
2025-08-15 15:50:54,123.48.199.124,22.150.127.174,HTTPS,GET,/category,404,2076,1.049
2025-08-15 15:50:59,16.14.183.45,161.118.157.114,HTTPS,GET,/search/category/main,301,2633,0.153
2025-08-15 15:51:04,14.69.123.253,162.127.48.54,HTTP,GET,/list/blog,404,3379,1.913
2025-08-15 15:51:09,14.69.123.253,36.230.3.167,HTTP,DELETE,/app,500,4735,1.182
2025-08-15 15:51:14,33.19.173.26,103.46.217.238,UDP,,,,2604,0.166
2025-08-15 15:51:19,187.92.45.235,130.122.109.4,UDP,,,,1560,0.971
2025-08-15 15:51:24,33.19.173.26,36.230.3.167,ICMP,,,,315,1.023
2025-08-15 15:51:29,14.69.123.253,22.150.127.174,HTTPS,HEAD,/tags/wp-content,404,4131,0.129
2025-08-15 15:51:34,187.92.45.235,210.29.237.248,ICMP,,,,4298,0.713
2025-08-15 15:51:39,14.69.123.253,103.46.217.238,TCP,,,,3968,0.365
2025-08-15 15:51:44,61.222.161.82,109.122.1.207,ICMP,,,,4527,0.024
2025-08-15 15:51:49,40.99.105.12,103.46.217.238,HTTPS,GET,/categories,302,3526,0.326
2025-08-15 15:51:54,165.140.229.70,83.48.170.212,HTTPS,DELETE,/wp-content,500,1296,0.697
2025-08-15 15:51:59,221.72.113.221,109.122.1.207,HTTPS,POST,/posts/main/categories,401,2097,0.585
2025-08-15 15:52:04,56.35.201.241,83.48.170.212,TCP,,,,4958,1.348
2025-08-15 15:52:09,165.140.229.70,130.122.109.4,HTTP,POST,/main/search,301,1864,0.125
2025-08-15 15:52:14,189.92.105.205,36.230.3.167,HTTPS,HEAD,/category/tag/list,200,3359,1.645
2025-08-15 15:52:19,40.99.105.12,130.122.109.4,HTTP,GET,/main/tags,200,880,1.544
2025-08-15 15:52:24,200.176.202.82,103.46.217.238,HTTPS,PUT,/posts,404,2562,1.106
2025-08-15 15:52:29,40.99.105.12,103.46.217.238,HTTP,HEAD,/categories/wp-content/main,301,1698,1.336
2025-08-15 15:52:34,103.215.232.241,83.48.170.212,HTTP,DELETE,/explore,500,397,0.53
2025-08-15 15:52:39,16.14.183.45,22.150.127.174,ICMP,,,,3857,1.487
2025-08-15 15:52:44,144.225.85.15,109.122.1.207,TCP,,,,3129,1.998
2025-08-15 15:52:49,187.92.45.235,22.150.127.174,HTTPS,GET,/app,401,3068,1.078
2025-08-15 15:52:54,56.35.201.241,22.150.127.174,TCP,,,,2272,0.648
2025-08-15 15:52:59,56.35.201.241,162.127.48.54,ICMP,,,,3452,1.013
2025-08-15 15:53:04,33.19.173.26,162.127.48.54,HTTP,GET,/search/tag/wp-content,401,1269,1.201
2025-08-15 15:53:09,84.151.193.212,130.122.109.4,HTTP,DELETE,/list/tags,403,3281,1.966
2025-08-15 15:53:14,56.35.201.241,22.150.127.174,HTTPS,DELETE,/tag/tag,400,1217,0.551
2025-08-15 15:53:19,33.19.173.26,162.127.48.54,TCP,,,,2262,1.455
2025-08-15 15:53:24,200.176.202.82,210.29.237.248,HTTPS,POST,/wp-content,301,3322,1.942
2025-08-15 15:53:29,89.100.60.124,109.122.1.207,UDP,,,,990,0.688
2025-08-15 15:53:34,165.140.229.70,22.150.127.174,HTTPS,PUT,/category/tag/list,401,3200,1.15
2025-08-15 15:53:39,84.151.193.212,162.127.48.54,HTTPS,GET,/tag,302,4196,0.076
2025-08-15 15:53:44,189.92.105.205,162.127.48.54,UDP,,,,1623,1.096
2025-08-15 15:53:49,16.14.183.45,130.122.109.4,UDP,,,,3933,1.441
2025-08-15 15:53:54,103.215.232.241,103.46.217.238,UDP,,,,3917,1.59
2025-08-15 15:53:59,89.100.60.124,162.127.48.54,HTTP,GET,/tags/categories/search,404,3363,0.436
2025-08-15 15:54:04,187.92.45.235,161.118.157.114,HTTP,PUT,/tags,400,4404,0.161
2025-08-15 15:54:09,103.215.232.241,103.46.217.238,UDP,,,,2887,1.242
2025-08-15 15:54:14,14.69.123.253,103.46.217.238,UDP,,,,4293,0.473
2025-08-15 15:54:19,202.157.43.35,36.230.3.167,HTTP,HEAD,/main/app/posts,500,1848,1.969
2025-08-15 15:54:24,165.140.229.70,161.118.157.114,ICMP,,,,926,0.755
2025-08-15 15:54:29,14.69.123.253,83.48.170.212,HTTPS,DELETE,/main/categories,404,3727,1.182
2025-08-15 15:54:34,40.99.105.12,22.150.127.174,TCP,,,,2424,0.449
2025-08-15 15:54:39,200.176.202.82,162.127.48.54,HTTPS,HEAD,/posts,500,1788,1.134
2025-08-15 15:54:44,56.35.201.241,130.122.109.4,ICMP,,,,1897,1.867
2025-08-15 15:54:49,189.92.105.205,36.230.3.167,TCP,,,,2221,0.154
2025-08-15 15:54:54,84.151.193.212,161.118.157.114,UDP,,,,4854,1.97
2025-08-15 15:54:59,189.92.105.205,22.150.127.174,UDP,,,,4193,0.244
2025-08-15 15:55:04,202.157.43.35,162.127.48.54,HTTP,GET,/category/tag/category,404,1918,1.613
2025-08-15 15:55:09,200.176.202.82,83.48.170.212,ICMP,,,,2509,1.549
2025-08-15 15:55:14,221.72.113.221,103.46.217.238,HTTPS,POST,/list,500,2770,0.327
2025-08-15 15:55:19,189.92.105.205,22.150.127.174,HTTPS,DELETE,/app/posts,200,1395,1.729
2025-08-15 15:55:24,61.222.161.82,210.29.237.248,TCP,,,,1318,0.475
2025-08-15 15:55:29,169.216.244.177,210.29.237.248,HTTPS,GET,/explore/explore,400,1085,1.503
2025-08-15 15:55:34,98.89.44.217,210.29.237.248,HTTPS,GET,/list/categories,403,3564,0.625
2025-08-15 15:55:39,144.225.85.15,130.122.109.4,UDP,,,,2514,0.023
2025-08-15 15:55:44,144.225.85.15,22.150.127.174,UDP,,,,1149,0.393
2025-08-15 15:55:49,165.140.229.70,103.46.217.238,ICMP,,,,349,0.454
2025-08-15 15:55:54,144.225.85.15,161.118.157.114,TCP,,,,4550,1.63
2025-08-15 15:55:59,187.92.45.235,36.230.3.167,TCP,,,,948,1.733
2025-08-15 15:56:04,221.72.113.221,26.91.209.30,HTTP,DELETE,/categories/posts,500,4254,0.022
2025-08-15 15:56:09,200.176.202.82,103.46.217.238,ICMP,,,,2664,1.107
2025-08-15 15:56:14,123.48.199.124,162.127.48.54,TCP,,,,2969,0.639
2025-08-15 15:56:19,14.69.123.253,83.48.170.212,HTTPS,HEAD,/wp-content,400,3603,1.465
2025-08-15 15:56:24,221.72.113.221,36.230.3.167,HTTPS,GET,/blog,301,1815,0.528
2025-08-15 15:56:29,123.48.199.124,22.150.127.174,TCP,,,,3332,0.648
2025-08-15 15:56:34,98.89.44.217,109.122.1.207,ICMP,,,,2625,1.813
2025-08-15 15:56:39,144.225.85.15,210.29.237.248,HTTPS,GET,/tags/search/posts,403,1053,1.499
2025-08-15 15:56:44,123.48.199.124,130.122.109.4,HTTPS,HEAD,/wp-content/posts,500,3514,1.172
2025-08-15 15:56:49,200.176.202.82,210.29.237.248,HTTP,POST,/explore/category/main,500,3961,0.842
2025-08-15 15:56:54,98.89.44.217,103.46.217.238,ICMP,,,,2581,1.428
2025-08-15 15:56:59,14.69.123.253,22.150.127.174,HTTP,GET,/wp-content/wp-content/categories,400,697,1.632
2025-08-15 15:57:04,165.140.229.70,83.48.170.212,TCP,,,,3347,0.499
2025-08-15 15:57:09,56.35.201.241,210.29.237.248,HTTPS,POST,/list/tags/blog,401,1574,1.704
2025-08-15 15:57:14,144.225.85.15,22.150.127.174,HTTPS,PUT,/category/blog/category,302,1400,1.24
2025-08-15 15:57:19,200.176.202.82,130.122.109.4,UDP,,,,3532,0.596
2025-08-15 15:57:24,221.72.113.221,130.122.109.4,UDP,,,,4610,0.11
2025-08-15 15:57:29,200.176.202.82,83.48.170.212,UDP,,,,2354,0.3
2025-08-15 15:57:34,165.140.229.70,162.127.48.54,ICMP,,,,813,1.167
2025-08-15 15:57:39,144.225.85.15,130.122.109.4,TCP,,,,3563,1.62
2025-08-15 15:57:44,169.216.244.177,130.122.109.4,HTTP,HEAD,/posts,404,1417,0.168
2025-08-15 15:57:49,189.92.105.205,22.150.127.174,ICMP,,,,4334,0.909
2025-08-15 15:57:54,202.157.43.35,26.91.209.30,ICMP,,,,4231,0.852
2025-08-15 15:57:59,40.99.105.12,161.118.157.114,TCP,,,,3396,0.106
2025-08-15 15:58:04,89.100.60.124,109.122.1.207,TCP,,,,3070,0.538
2025-08-15 15:58:09,221.72.113.221,26.91.209.30,HTTP,POST,/categories/tags/tag,400,4581,1.447
2025-08-15 15:58:14,187.92.45.235,130.122.109.4,UDP,,,,3272,0.629
2025-08-15 15:58:19,108.169.79.244,162.127.48.54,ICMP,,,,2662,0.456
2025-08-15 15:58:24,221.72.113.221,22.150.127.174,ICMP,,,,520,1.244
2025-08-15 15:58:29,98.89.44.217,161.118.157.114,ICMP,,,,592,0.593
2025-08-15 15:58:34,84.151.193.212,162.127.48.54,UDP,,,,2389,0.213
2025-08-15 15:58:39,103.215.232.241,36.230.3.167,TCP,,,,4931,0.92
2025-08-15 15:58:44,187.92.45.235,109.122.1.207,HTTP,PUT,/posts/app/explore,500,3734,1.632
2025-08-15 15:58:49,89.100.60.124,26.91.209.30,TCP,,,,3074,0.705
2025-08-15 15:58:54,202.157.43.35,36.230.3.167,ICMP,,,,2256,0.36
2025-08-15 15:58:59,189.92.105.205,26.91.209.30,HTTPS,DELETE,/tag/category/categories,301,1091,0.509
2025-08-15 15:59:04,123.48.199.124,162.127.48.54,UDP,,,,2295,0.548
2025-08-15 15:59:09,98.89.44.217,130.122.109.4,TCP,,,,1297,0.85
2025-08-15 15:59:14,169.216.244.177,162.127.48.54,ICMP,,,,2606,0.508
2025-08-15 15:59:19,200.176.202.82,36.230.3.167,HTTPS,POST,/explore/app/main,401,4063,0.902
2025-08-15 15:59:24,187.92.45.235,26.91.209.30,ICMP,,,,2473,1.092
2025-08-15 15:59:29,189.92.105.205,210.29.237.248,HTTP,HEAD,/main/categories/tag,500,495,0.478
2025-08-15 15:59:34,89.100.60.124,26.91.209.30,TCP,,,,450,1.186
2025-08-15 15:59:39,33.19.173.26,161.118.157.114,TCP,,,,700,0.163
2025-08-15 15:59:44,103.215.232.241,162.127.48.54,HTTP,PUT,/tag,302,3496,1.033
2025-08-15 15:59:49,103.215.232.241,161.118.157.114,TCP,,,,4853,1.068
2025-08-15 15:59:54,165.140.229.70,26.91.209.30,HTTP,POST,/tags,500,3074,0.132
2025-08-15 15:59:59,14.69.123.253,22.150.127.174,HTTP,PUT,/list/wp-content/main,401,2738,1.392
2025-08-15 16:00:04,103.215.232.241,109.122.1.207,UDP,,,,4265,1.129
2025-08-15 16:00:09,202.157.43.35,162.127.48.54,HTTP,HEAD,/list,500,1063,1.66
2025-08-15 16:00:14,40.99.105.12,36.230.3.167,ICMP,,,,2904,1.815
2025-08-15 16:00:19,221.72.113.221,161.118.157.114,ICMP,,,,4004,1.608
2025-08-15 16:00:24,123.48.199.124,103.46.217.238,ICMP,,,,4167,0.972
2025-08-15 16:00:29,56.35.201.241,109.122.1.207,ICMP,,,,4545,1.265
2025-08-15 16:00:34,123.48.199.124,109.122.1.207,HTTPS,POST,/search/category,500,3908,1.082
2025-08-15 16:00:39,189.92.105.205,22.150.127.174,TCP,,,,1379,1.77
2025-08-15 16:00:44,202.157.43.35,109.122.1.207,HTTPS,HEAD,/app,302,4618,0.672
2025-08-15 16:00:49,84.151.193.212,130.122.109.4,TCP,,,,1919,0.968
2025-08-15 16:00:54,144.225.85.15,36.230.3.167,HTTPS,HEAD,/list/search,401,2151,0.592
2025-08-15 16:00:59,165.140.229.70,130.122.109.4,TCP,,,,3293,0.316
2025-08-15 16:01:04,202.157.43.35,162.127.48.54,HTTPS,DELETE,/search/tag/posts,301,1937,1.75
2025-08-15 16:01:09,89.100.60.124,36.230.3.167,HTTP,GET,/blog/search,301,4643,1.239
2025-08-15 16:01:14,189.92.105.205,130.122.109.4,HTTPS,PUT,/main/posts/tag,301,207,0.882
2025-08-15 16:01:19,33.19.173.26,103.46.217.238,HTTP,HEAD,/category/blog/posts,403,4346,0.479
2025-08-15 16:01:24,56.35.201.241,162.127.48.54,UDP,,,,4607,0.583
2025-08-15 16:01:29,123.48.199.124,162.127.48.54,UDP,,,,3487,1.254
2025-08-15 16:01:34,61.222.161.82,162.127.48.54,TCP,,,,598,0.594
2025-08-15 16:01:39,61.222.161.82,109.122.1.207,HTTPS,GET,/blog/explore,301,340,0.281
2025-08-15 16:01:44,84.151.193.212,210.29.237.248,ICMP,,,,1897,1.757
2025-08-15 16:01:49,14.69.123.253,83.48.170.212,TCP,,,,768,0.913
2025-08-15 16:01:54,16.14.183.45,210.29.237.248,UDP,,,,4427,1.998
2025-08-15 16:01:59,16.14.183.45,83.48.170.212,UDP,,,,3952,0.685
2025-08-15 16:02:04,40.99.105.12,103.46.217.238,ICMP,,,,2979,1.154
2025-08-15 16:02:09,40.99.105.12,26.91.209.30,HTTPS,POST,/main/search/list,302,841,1.089
2025-08-15 16:02:14,61.222.161.82,36.230.3.167,HTTPS,PUT,/category,301,1756,0.109
2025-08-15 16:02:19,221.72.113.221,210.29.237.248,HTTPS,GET,/tag/explore,301,1370,0.14
2025-08-15 16:02:24,98.89.44.217,83.48.170.212,HTTPS,HEAD,/explore/wp-content,403,3044,0.967
2025-08-15 16:02:29,103.215.232.241,83.48.170.212,HTTP,GET,/search,400,3437,0.549
2025-08-15 16:02:34,202.157.43.35,109.122.1.207,HTTPS,HEAD,/categories/blog,301,4622,1.372
2025-08-15 16:02:39,108.169.79.244,162.127.48.54,ICMP,,,,3253,0.738
2025-08-15 16:02:44,103.215.232.241,36.230.3.167,ICMP,,,,2417,1.807
2025-08-15 16:02:49,16.14.183.45,162.127.48.54,UDP,,,,2661,0.676
2025-08-15 16:02:54,202.157.43.35,161.118.157.114,UDP,,,,565,1.636
2025-08-15 16:02:59,221.72.113.221,36.230.3.167,UDP,,,,3704,0.431
2025-08-15 16:03:04,221.72.113.221,26.91.209.30,ICMP,,,,3241,0.107
2025-08-15 16:03:09,187.92.45.235,130.122.109.4,TCP,,,,2599,0.495
2025-08-15 16:03:14,202.157.43.35,26.91.209.30,UDP,,,,2928,1.428
2025-08-15 16:03:19,61.222.161.82,103.46.217.238,HTTP,HEAD,/category/categories,302,804,1.381
2025-08-15 16:03:24,56.35.201.241,161.118.157.114,HTTPS,POST,/wp-content/blog,500,3540,0.972
2025-08-15 16:03:29,61.222.161.82,109.122.1.207,TCP,,,,4056,0.938
2025-08-15 16:03:34,84.151.193.212,83.48.170.212,TCP,,,,3404,1.852
2025-08-15 16:03:39,14.69.123.253,210.29.237.248,UDP,,,,2659,0.777
2025-08-15 16:03:44,200.176.202.82,83.48.170.212,UDP,,,,2231,1.766
2025-08-15 16:03:49,169.216.244.177,36.230.3.167,ICMP,,,,2517,0.597
2025-08-15 16:03:54,108.169.79.244,161.118.157.114,ICMP,,,,1017,1.417
2025-08-15 16:03:59,202.157.43.35,109.122.1.207,HTTPS,HEAD,/explore/explore,400,231,1.162
2025-08-15 16:04:04,56.35.201.241,26.91.209.30,HTTPS,POST,/category,301,1406,1.092
2025-08-15 16:04:09,14.69.123.253,22.150.127.174,ICMP,,,,3051,1.938
2025-08-15 16:04:14,16.14.183.45,161.118.157.114,HTTPS,HEAD,/blog,301,1617,1.373
2025-08-15 16:04:19,187.92.45.235,26.91.209.30,ICMP,,,,4680,0.112
2025-08-15 16:04:24,187.92.45.235,26.91.209.30,TCP,,,,1102,0.014
2025-08-15 16:04:29,61.222.161.82,210.29.237.248,HTTP,HEAD,/tag,500,2903,0.454
2025-08-15 16:04:34,84.151.193.212,83.48.170.212,TCP,,,,3955,1.588
2025-08-15 16:04:39,165.140.229.70,26.91.209.30,HTTPS,DELETE,/search/list/tag,404,2885,0.992
2025-08-15 16:04:44,61.222.161.82,210.29.237.248,ICMP,,,,3279,1.776
2025-08-15 16:04:49,200.176.202.82,26.91.209.30,TCP,,,,1568,0.692
2025-08-15 16:04:54,40.99.105.12,210.29.237.248,ICMP,,,,1631,0.965
2025-08-15 16:04:59,16.14.183.45,36.230.3.167,ICMP,,,,2356,1.534
2025-08-15 16:05:04,165.140.229.70,36.230.3.167,HTTPS,HEAD,/blog/tags,301,2581,0.044
2025-08-15 16:05:09,103.215.232.241,103.46.217.238,HTTPS,POST,/wp-content/category,403,3599,1.051
2025-08-15 16:05:14,221.72.113.221,36.230.3.167,UDP,,,,2893,0.676
2025-08-15 16:05:19,108.169.79.244,103.46.217.238,TCP,,,,4800,1.562
2025-08-15 16:05:24,61.222.161.82,83.48.170.212,TCP,,,,4205,0.242
2025-08-15 16:05:29,84.151.193.212,161.118.157.114,UDP,,,,3981,1.929
2025-08-15 16:05:34,200.176.202.82,103.46.217.238,UDP,,,,986,1.897
2025-08-15 16:05:39,98.89.44.217,36.230.3.167,HTTP,PUT,/app,404,4227,1.968
2025-08-15 16:05:44,165.140.229.70,22.150.127.174,HTTP,DELETE,/explore/search,500,3771,1.573
2025-08-15 16:05:49,187.92.45.235,210.29.237.248,UDP,,,,291,1.821
2025-08-15 16:05:54,98.89.44.217,36.230.3.167,UDP,,,,4381,1.597
2025-08-15 16:05:59,187.92.45.235,161.118.157.114,ICMP,,,,3886,0.065
2025-08-15 16:06:04,14.69.123.253,36.230.3.167,ICMP,,,,929,1.219
2025-08-15 16:06:09,33.19.173.26,103.46.217.238,TCP,,,,1270,1.38
2025-08-15 16:06:14,200.176.202.82,22.150.127.174,HTTP,POST,/category/tag/main,500,2918,0.492
2025-08-15 16:06:19,103.215.232.241,36.230.3.167,HTTP,HEAD,/categories,401,2463,0.618
2025-08-15 16:06:24,123.48.199.124,109.122.1.207,HTTP,DELETE,/blog,500,2204,0.593
2025-08-15 16:06:29,98.89.44.217,22.150.127.174,ICMP,,,,1164,0.503
2025-08-15 16:06:34,56.35.201.241,162.127.48.54,ICMP,,,,1386,0.168
2025-08-15 16:06:39,108.169.79.244,161.118.157.114,ICMP,,,,1936,1.826
2025-08-15 16:06:44,200.176.202.82,130.122.109.4,ICMP,,,,3499,1.234
2025-08-15 16:06:49,103.215.232.241,210.29.237.248,HTTP,GET,/wp-content/categories,500,3009,0.129
2025-08-15 16:06:54,189.92.105.205,83.48.170.212,UDP,,,,4538,0.253
2025-08-15 16:06:59,144.225.85.15,130.122.109.4,UDP,,,,3192,0.618
2025-08-15 16:07:04,189.92.105.205,161.118.157.114,HTTP,POST,/main/categories/category,302,4617,1.384
2025-08-15 16:07:09,103.215.232.241,109.122.1.207,TCP,,,,3925,0.244
2025-08-15 16:07:14,103.215.232.241,210.29.237.248,HTTPS,POST,/tag/wp-content,401,3795,1.795
2025-08-15 16:07:19,98.89.44.217,161.118.157.114,HTTP,DELETE,/explore/main,401,3498,0.539
2025-08-15 16:07:24,221.72.113.221,22.150.127.174,UDP,,,,1772,0.306
2025-08-15 16:07:29,221.72.113.221,162.127.48.54,UDP,,,,2771,1.13
2025-08-15 16:07:34,202.157.43.35,22.150.127.174,UDP,,,,4310,1.662
2025-08-15 16:07:39,187.92.45.235,83.48.170.212,TCP,,,,4170,1.82
2025-08-15 16:07:44,61.222.161.82,36.230.3.167,HTTPS,DELETE,/list,404,4398,1.917
2025-08-15 16:07:49,200.176.202.82,109.122.1.207,ICMP,,,,3900,0.511
2025-08-15 16:07:54,165.140.229.70,22.150.127.174,HTTP,GET,/main/category,200,1122,1.21
2025-08-15 16:07:59,165.140.229.70,130.122.109.4,TCP,,,,3646,0.038
2025-08-15 16:08:04,108.169.79.244,36.230.3.167,ICMP,,,,348,0.783
2025-08-15 16:08:09,221.72.113.221,162.127.48.54,ICMP,,,,3165,1.843
2025-08-15 16:08:14,14.69.123.253,22.150.127.174,ICMP,,,,4313,0.982
2025-08-15 16:08:19,33.19.173.26,36.230.3.167,TCP,,,,4012,0.7
2025-08-15 16:08:24,40.99.105.12,162.127.48.54,UDP,,,,741,0.247
2025-08-15 16:08:29,144.225.85.15,103.46.217.238,HTTP,POST,/posts/app,401,996,1.843
2025-08-15 16:08:34,123.48.199.124,210.29.237.248,HTTPS,PUT,/app/main/main,401,2002,1.222
2025-08-15 16:08:39,144.225.85.15,36.230.3.167,UDP,,,,172,1.016
2025-08-15 16:08:44,202.157.43.35,109.122.1.207,UDP,,,,1076,0.602
2025-08-15 16:08:49,165.140.229.70,161.118.157.114,HTTPS,HEAD,/blog/category/main,404,3139,1.577
2025-08-15 16:08:54,108.169.79.244,161.118.157.114,ICMP,,,,3416,0.619
2025-08-15 16:08:59,103.215.232.241,130.122.109.4,HTTP,GET,/main,401,4592,1.194
2025-08-15 16:09:04,84.151.193.212,109.122.1.207,ICMP,,,,2745,0.618
2025-08-15 16:09:09,61.222.161.82,26.91.209.30,TCP,,,,4614,1.356
2025-08-15 16:09:14,14.69.123.253,22.150.127.174,HTTPS,DELETE,/posts/search/category,500,4662,0.772
2025-08-15 16:09:19,61.222.161.82,22.150.127.174,ICMP,,,,4862,1.717
2025-08-15 16:09:24,61.222.161.82,130.122.109.4,ICMP,,,,3321,1.438
2025-08-15 16:09:29,89.100.60.124,162.127.48.54,ICMP,,,,4712,1.143
2025-08-15 16:09:34,187.92.45.235,130.122.109.4,ICMP,,,,4976,1.983
2025-08-15 16:09:39,98.89.44.217,26.91.209.30,TCP,,,,2141,0.293
2025-08-15 16:09:44,103.215.232.241,83.48.170.212,TCP,,,,1999,1.088
2025-08-15 16:09:49,14.69.123.253,109.122.1.207,ICMP,,,,833,0.499
2025-08-15 16:09:54,144.225.85.15,161.118.157.114,HTTPS,DELETE,/list/blog/search,200,2962,1.783
2025-08-15 16:09:59,187.92.45.235,109.122.1.207,TCP,,,,4671,0.063
2025-08-15 16:10:04,123.48.199.124,26.91.209.30,HTTPS,GET,/tag/explore,301,2703,0.142
2025-08-15 16:10:09,202.157.43.35,103.46.217.238,TCP,,,,376,0.114
2025-08-15 16:10:14,169.216.244.177,22.150.127.174,UDP,,,,3291,1.357
2025-08-15 16:10:19,108.169.79.244,210.29.237.248,HTTP,PUT,/posts/wp-content/wp-content,301,690,0.663
2025-08-15 16:10:24,187.92.45.235,210.29.237.248,ICMP,,,,3772,0.617
2025-08-15 16:10:29,16.14.183.45,22.150.127.174,UDP,,,,288,1.583
2025-08-15 16:10:34,61.222.161.82,161.118.157.114,HTTP,DELETE,/category/categories/search,301,1178,1.421
2025-08-15 16:10:39,202.157.43.35,22.150.127.174,ICMP,,,,3178,0.85
2025-08-15 16:10:44,189.92.105.205,103.46.217.238,UDP,,,,3651,0.707
2025-08-15 16:10:49,169.216.244.177,162.127.48.54,UDP,,,,472,1.263
2025-08-15 16:10:54,189.92.105.205,26.91.209.30,HTTPS,HEAD,/main/tag/app,403,468,0.528
2025-08-15 16:10:59,144.225.85.15,26.91.209.30,ICMP,,,,154,0.745
2025-08-15 16:11:04,14.69.123.253,162.127.48.54,HTTP,DELETE,/explore,301,2212,1.507
2025-08-15 16:11:09,40.99.105.12,36.230.3.167,TCP,,,,192,0.144
2025-08-15 16:11:14,33.19.173.26,162.127.48.54,HTTP,POST,/category/tags,403,4594,1.778
2025-08-15 16:11:19,103.215.232.241,210.29.237.248,TCP,,,,1646,1.042
2025-08-15 16:11:24,84.151.193.212,162.127.48.54,HTTP,DELETE,/tags/posts/wp-content,302,1302,0.564
2025-08-15 16:11:29,169.216.244.177,22.150.127.174,ICMP,,,,148,1.149
2025-08-15 16:11:34,84.151.193.212,22.150.127.174,HTTPS,PUT,/search/app,401,1022,1.323
2025-08-15 16:11:39,123.48.199.124,36.230.3.167,ICMP,,,,1542,0.765
2025-08-15 16:11:44,61.222.161.82,103.46.217.238,ICMP,,,,1275,1.117
2025-08-15 16:11:49,61.222.161.82,36.230.3.167,ICMP,,,,3774,1.902
2025-08-15 16:11:54,14.69.123.253,83.48.170.212,ICMP,,,,1503,0.667
2025-08-15 16:11:59,169.216.244.177,109.122.1.207,HTTP,PUT,/list/wp-content/posts,302,4078,0.372
2025-08-15 16:12:04,98.89.44.217,161.118.157.114,HTTPS,HEAD,/main,301,4450,0.02
2025-08-15 16:12:09,189.92.105.205,130.122.109.4,ICMP,,,,2754,1.354
2025-08-15 16:12:14,221.72.113.221,109.122.1.207,TCP,,,,3216,0.409
2025-08-15 16:12:19,108.169.79.244,83.48.170.212,ICMP,,,,3815,1.674
2025-08-15 16:12:24,61.222.161.82,210.29.237.248,HTTPS,GET,/posts/blog/explore,404,4721,0.417
2025-08-15 16:12:29,221.72.113.221,36.230.3.167,TCP,,,,3489,1.384
2025-08-15 16:12:34,89.100.60.124,210.29.237.248,TCP,,,,1154,0.998
2025-08-15 16:12:39,221.72.113.221,109.122.1.207,TCP,,,,2075,1.772
2025-08-15 16:12:44,89.100.60.124,36.230.3.167,UDP,,,,4513,0.75
2025-08-15 16:12:49,108.169.79.244,210.29.237.248,ICMP,,,,1395,1.834
2025-08-15 16:12:54,169.216.244.177,162.127.48.54,ICMP,,,,3278,0.838
2025-08-15 16:12:59,169.216.244.177,109.122.1.207,TCP,,,,1711,0.114
2025-08-15 16:13:04,89.100.60.124,130.122.109.4,UDP,,,,3627,0.778
2025-08-15 16:13:09,169.216.244.177,162.127.48.54,UDP,,,,1393,1.456
2025-08-15 16:13:14,200.176.202.82,130.122.109.4,TCP,,,,4904,1.724
2025-08-15 16:13:19,200.176.202.82,109.122.1.207,UDP,,,,3613,0.789
2025-08-15 16:13:24,123.48.199.124,22.150.127.174,ICMP,,,,3318,1.511
2025-08-15 16:13:29,98.89.44.217,161.118.157.114,HTTPS,PUT,/tag/category/categories,200,4734,1.086
2025-08-15 16:13:34,16.14.183.45,22.150.127.174,UDP,,,,2393,1.164
2025-08-15 16:13:39,202.157.43.35,36.230.3.167,HTTP,PUT,/app/categories/wp-content,403,4315,1.794
2025-08-15 16:13:44,16.14.183.45,103.46.217.238,HTTPS,PUT,/posts/posts,404,720,1.215
2025-08-15 16:13:49,14.69.123.253,130.122.109.4,HTTPS,PUT,/wp-content/tag,404,4362,0.287
2025-08-15 16:13:54,84.151.193.212,162.127.48.54,TCP,,,,111,0.957
2025-08-15 16:13:59,103.215.232.241,103.46.217.238,HTTPS,POST,/posts/app/categories,200,2140,1.516
2025-08-15 16:14:04,103.215.232.241,109.122.1.207,ICMP,,,,3764,0.587
2025-08-15 16:14:09,123.48.199.124,130.122.109.4,UDP,,,,838,1.904
2025-08-15 16:14:14,56.35.201.241,22.150.127.174,HTTPS,PUT,/tags/posts/app,404,1166,0.183
2025-08-15 16:14:19,56.35.201.241,26.91.209.30,ICMP,,,,1827,1.941
2025-08-15 16:14:24,61.222.161.82,109.122.1.207,HTTP,POST,/tags,404,2022,0.734
2025-08-15 16:14:29,33.19.173.26,109.122.1.207,HTTPS,POST,/wp-content/tag,500,1164,1.1
2025-08-15 16:14:34,123.48.199.124,162.127.48.54,ICMP,,,,1820,0.404
2025-08-15 16:14:39,169.216.244.177,210.29.237.248,HTTP,HEAD,/list/main,403,1398,0.764
2025-08-15 16:14:44,221.72.113.221,162.127.48.54,HTTP,GET,/category,400,4323,1.291
2025-08-15 16:14:49,202.157.43.35,210.29.237.248,HTTPS,GET,/tag/app/tags,404,3130,1.267
2025-08-15 16:14:54,56.35.201.241,109.122.1.207,UDP,,,,4127,1.79
2025-08-15 16:14:59,56.35.201.241,36.230.3.167,UDP,,,,3616,1.472
2025-08-15 16:15:04,221.72.113.221,22.150.127.174,HTTP,PUT,/wp-content/tag/tags,302,1442,1.926
2025-08-15 16:15:09,165.140.229.70,130.122.109.4,ICMP,,,,3597,1.509
2025-08-15 16:15:14,103.215.232.241,22.150.127.174,HTTPS,GET,/main,301,1019,1.826
2025-08-15 16:15:19,189.92.105.205,130.122.109.4,TCP,,,,3396,1.5
2025-08-15 16:15:24,200.176.202.82,109.122.1.207,TCP,,,,4490,0.614
2025-08-15 16:15:29,40.99.105.12,26.91.209.30,UDP,,,,766,0.603
2025-08-15 16:15:34,221.72.113.221,22.150.127.174,HTTPS,DELETE,/list/wp-content,302,3157,0.353
2025-08-15 16:15:39,144.225.85.15,83.48.170.212,HTTP,HEAD,/blog,200,1864,1.895
2025-08-15 16:15:44,14.69.123.253,36.230.3.167,UDP,,,,2937,0.207
2025-08-15 16:15:49,200.176.202.82,130.122.109.4,TCP,,,,538,0.562
2025-08-15 16:15:54,200.176.202.82,130.122.109.4,TCP,,,,2181,0.953
2025-08-15 16:15:59,187.92.45.235,210.29.237.248,TCP,,,,2335,0.597
2025-08-15 16:16:04,84.151.193.212,161.118.157.114,HTTPS,PUT,/categories/app/posts,302,3406,0.338
2025-08-15 16:16:09,144.225.85.15,22.150.127.174,UDP,,,,3400,1.681
2025-08-15 16:16:14,84.151.193.212,161.118.157.114,HTTPS,GET,/blog,500,547,1.62
2025-08-15 16:16:19,56.35.201.241,109.122.1.207,HTTP,DELETE,/category,400,2297,1.679
2025-08-15 16:16:24,14.69.123.253,130.122.109.4,HTTPS,HEAD,/tag/posts,404,1402,1.673
2025-08-15 16:16:29,123.48.199.124,36.230.3.167,HTTPS,PUT,/category/wp-content/category,302,3167,0.014
2025-08-15 16:16:34,40.99.105.12,210.29.237.248,ICMP,,,,3473,1.411
2025-08-15 16:16:39,61.222.161.82,161.118.157.114,HTTP,GET,/category/wp-content/category,302,3913,0.389
2025-08-15 16:16:44,200.176.202.82,162.127.48.54,UDP,,,,2637,1.808
2025-08-15 16:16:49,56.35.201.241,210.29.237.248,HTTPS,POST,/tag/wp-content,401,506,1.563
2025-08-15 16:16:54,61.222.161.82,83.48.170.212,HTTPS,HEAD,/posts/wp-content,401,2771,0.154
2025-08-15 16:16:59,169.216.244.177,22.150.127.174,UDP,,,,4660,1.485
2025-08-15 16:17:04,56.35.201.241,83.48.170.212,UDP,,,,280,1.247
2025-08-15 16:17:09,108.169.79.244,103.46.217.238,ICMP,,,,4716,0.63
2025-08-15 16:17:14,165.140.229.70,36.230.3.167,UDP,,,,1317,0.96
2025-08-15 16:17:19,84.151.193.212,83.48.170.212,UDP,,,,3746,0.47
2025-08-15 16:17:24,61.222.161.82,130.122.109.4,UDP,,,,196,0.552
2025-08-15 16:17:29,165.140.229.70,36.230.3.167,HTTP,POST,/blog,401,2973,0.423
2025-08-15 16:17:34,144.225.85.15,26.91.209.30,UDP,,,,3504,0.496
2025-08-15 16:17:39,33.19.173.26,36.230.3.167,HTTPS,HEAD,/explore,404,3786,1.428
2025-08-15 16:17:44,40.99.105.12,162.127.48.54,UDP,,,,3504,0.017
2025-08-15 16:17:49,16.14.183.45,22.150.127.174,HTTP,HEAD,/category/wp-content/categories,404,2568,0.667
2025-08-15 16:17:54,14.69.123.253,161.118.157.114,HTTP,POST,/app,401,4711,1.345
2025-08-15 16:17:59,123.48.199.124,210.29.237.248,UDP,,,,2569,0.7
2025-08-15 16:18:04,56.35.201.241,161.118.157.114,ICMP,,,,2786,1.327
2025-08-15 16:18:09,14.69.123.253,162.127.48.54,HTTP,DELETE,/explore,400,3907,1.023
2025-08-15 16:18:14,33.19.173.26,83.48.170.212,ICMP,,,,4360,0.091
2025-08-15 16:18:19,202.157.43.35,109.122.1.207,UDP,,,,558,0.227
2025-08-15 16:18:24,33.19.173.26,22.150.127.174,UDP,,,,332,0.349
2025-08-15 16:18:29,202.157.43.35,26.91.209.30,TCP,,,,1412,0.077
2025-08-15 16:18:34,189.92.105.205,36.230.3.167,TCP,,,,2740,1.702
2025-08-15 16:18:39,61.222.161.82,103.46.217.238,TCP,,,,2066,0.143
2025-08-15 16:18:44,221.72.113.221,161.118.157.114,HTTP,POST,/explore/app/posts,404,4312,0.902
2025-08-15 16:18:49,98.89.44.217,130.122.109.4,UDP,,,,3690,0.235
2025-08-15 16:18:54,200.176.202.82,161.118.157.114,HTTPS,POST,/blog/tags,401,4168,0.122
2025-08-15 16:18:59,108.169.79.244,162.127.48.54,TCP,,,,1551,1.407
2025-08-15 16:19:04,98.89.44.217,130.122.109.4,ICMP,,,,2125,1.942
2025-08-15 16:19:09,123.48.199.124,130.122.109.4,UDP,,,,2056,1.71
2025-08-15 16:19:14,61.222.161.82,109.122.1.207,HTTP,DELETE,/app,302,1523,1.171
2025-08-15 16:19:19,14.69.123.253,83.48.170.212,TCP,,,,3491,0.494
2025-08-15 16:19:24,169.216.244.177,26.91.209.30,HTTPS,PUT,/app,301,2363,0.257
2025-08-15 16:19:29,144.225.85.15,210.29.237.248,HTTPS,HEAD,/tags/blog,401,3126,0.706
2025-08-15 16:19:34,187.92.45.235,109.122.1.207,UDP,,,,1067,0.482
2025-08-15 16:19:39,61.222.161.82,161.118.157.114,HTTP,HEAD,/categories/tag/category,401,1719,0.446
2025-08-15 16:19:44,144.225.85.15,162.127.48.54,TCP,,,,1003,1.949
2025-08-15 16:19:49,98.89.44.217,130.122.109.4,HTTP,DELETE,/app,401,1065,0.777
2025-08-15 16:19:54,169.216.244.177,162.127.48.54,HTTPS,HEAD,/blog,404,4916,0.346
2025-08-15 16:19:59,165.140.229.70,103.46.217.238,HTTPS,DELETE,/explore,400,4408,1.173
2025-08-15 16:20:04,202.157.43.35,130.122.109.4,ICMP,,,,3632,0.133
2025-08-15 16:20:09,144.225.85.15,26.91.209.30,ICMP,,,,3657,0.746
2025-08-15 16:20:14,169.216.244.177,210.29.237.248,HTTP,PUT,/categories/wp-content/search,302,3005,0.512
2025-08-15 16:20:19,89.100.60.124,109.122.1.207,UDP,,,,683,1.137
2025-08-15 16:20:24,123.48.199.124,210.29.237.248,HTTP,GET,/tag/category/search,500,3923,0.228
2025-08-15 16:20:29,123.48.199.124,26.91.209.30,HTTP,GET,/tag/list/tags,404,3539,0.648
2025-08-15 16:20:34,103.215.232.241,210.29.237.248,UDP,,,,1465,1.618
2025-08-15 16:20:39,84.151.193.212,162.127.48.54,UDP,,,,430,0.42
2025-08-15 16:20:44,108.169.79.244,36.230.3.167,UDP,,,,3629,0.406
2025-08-15 16:20:49,33.19.173.26,22.150.127.174,HTTPS,DELETE,/blog/wp-content,403,4586,1.463
2025-08-15 16:20:54,108.169.79.244,22.150.127.174,HTTP,POST,/list/main/list,404,2662,0.049
2025-08-15 16:20:59,200.176.202.82,109.122.1.207,ICMP,,,,306,1.861
2025-08-15 16:21:04,123.48.199.124,22.150.127.174,HTTP,HEAD,/blog/search/search,301,4092,0.399
2025-08-15 16:21:09,16.14.183.45,162.127.48.54,HTTPS,DELETE,/main,302,2243,1.91
2025-08-15 16:21:14,200.176.202.82,36.230.3.167,TCP,,,,3806,1.278
2025-08-15 16:21:19,189.92.105.205,83.48.170.212,TCP,,,,3153,0.428
2025-08-15 16:21:24,84.151.193.212,36.230.3.167,ICMP,,,,4506,1.181
2025-08-15 16:21:29,165.140.229.70,130.122.109.4,TCP,,,,2034,1.312
2025-08-15 16:21:34,103.215.232.241,36.230.3.167,HTTPS,HEAD,/search/category,200,4511,1.975
2025-08-15 16:21:39,89.100.60.124,103.46.217.238,HTTP,PUT,/blog/tag,301,1274,0.786
2025-08-15 16:21:44,165.140.229.70,22.150.127.174,UDP,,,,2498,1.733
2025-08-15 16:21:49,189.92.105.205,109.122.1.207,UDP,,,,4817,0.604
2025-08-15 16:21:54,103.215.232.241,83.48.170.212,HTTP,HEAD,/explore/main,404,669,0.322
2025-08-15 16:21:59,123.48.199.124,109.122.1.207,UDP,,,,377,1.599
2025-08-15 16:22:04,61.222.161.82,162.127.48.54,ICMP,,,,1641,0.738
2025-08-15 16:22:09,108.169.79.244,162.127.48.54,HTTP,POST,/posts/list/wp-content,200,4551,0.975
2025-08-15 16:22:14,165.140.229.70,26.91.209.30,TCP,,,,2056,1.595
2025-08-15 16:22:19,189.92.105.205,22.150.127.174,TCP,,,,4363,0.65
2025-08-15 16:22:24,187.92.45.235,26.91.209.30,UDP,,,,298,0.199
2025-08-15 16:22:29,169.216.244.177,161.118.157.114,HTTP,PUT,/category/tag,200,4549,0.218
2025-08-15 16:22:34,123.48.199.124,130.122.109.4,HTTP,DELETE,/main/wp-content,302,1036,1.867
2025-08-15 16:22:39,187.92.45.235,26.91.209.30,ICMP,,,,979,1.116
2025-08-15 16:22:44,16.14.183.45,22.150.127.174,TCP,,,,2140,1.36
2025-08-15 16:22:49,108.169.79.244,22.150.127.174,HTTPS,HEAD,/posts/app/search,200,559,1.937
2025-08-15 16:22:54,165.140.229.70,210.29.237.248,TCP,,,,2861,0.638
2025-08-15 16:22:59,200.176.202.82,36.230.3.167,TCP,,,,4049,0.378
2025-08-15 16:23:04,56.35.201.241,161.118.157.114,UDP,,,,572,1.684
2025-08-15 16:23:09,187.92.45.235,130.122.109.4,TCP,,,,812,0.145
2025-08-15 16:23:14,61.222.161.82,162.127.48.54,ICMP,,,,1111,0.47
2025-08-15 16:23:19,103.215.232.241,161.118.157.114,HTTP,HEAD,/tags/tag/blog,302,298,0.988
2025-08-15 16:23:24,123.48.199.124,36.230.3.167,HTTPS,HEAD,/explore/posts/list,302,880,1.842
2025-08-15 16:23:29,123.48.199.124,109.122.1.207,HTTPS,GET,/wp-content/tags,403,4715,1.423
2025-08-15 16:23:34,40.99.105.12,22.150.127.174,HTTPS,DELETE,/wp-content/main/app,200,4364,0.021
2025-08-15 16:23:39,221.72.113.221,36.230.3.167,HTTPS,DELETE,/posts/wp-content,500,3358,0.586
2025-08-15 16:23:44,200.176.202.82,36.230.3.167,TCP,,,,3614,1.255
2025-08-15 16:23:49,56.35.201.241,26.91.209.30,UDP,,,,2068,0.175
2025-08-15 16:23:54,89.100.60.124,103.46.217.238,UDP,,,,2669,1.325
2025-08-15 16:23:59,144.225.85.15,161.118.157.114,HTTP,HEAD,/list/category,401,1388,1.263
2025-08-15 16:24:04,187.92.45.235,83.48.170.212,HTTP,POST,/wp-content/categories,301,1974,0.952
2025-08-15 16:24:09,221.72.113.221,162.127.48.54,UDP,,,,3135,1.299
2025-08-15 16:24:14,14.69.123.253,210.29.237.248,ICMP,,,,203,1.503
2025-08-15 16:24:19,200.176.202.82,83.48.170.212,TCP,,,,1907,1.353
2025-08-15 16:24:24,33.19.173.26,83.48.170.212,TCP,,,,773,1.648
2025-08-15 16:24:29,144.225.85.15,22.150.127.174,HTTP,POST,/search/category/search,500,211,0.534
2025-08-15 16:24:34,144.225.85.15,161.118.157.114,HTTPS,PUT,/category,200,1779,1.736
2025-08-15 16:24:39,61.222.161.82,130.122.109.4,HTTPS,POST,/tag/list/wp-content,403,2484,1.32
2025-08-15 16:24:44,108.169.79.244,103.46.217.238,HTTP,GET,/posts/wp-content/wp-content,200,612,1.964
2025-08-15 16:24:49,202.157.43.35,130.122.109.4,ICMP,,,,817,0.848
2025-08-15 16:24:54,61.222.161.82,83.48.170.212,UDP,,,,3873,1.237
2025-08-15 16:24:59,84.151.193.212,26.91.209.30,ICMP,,,,1033,0.279
2025-08-15 16:25:04,103.215.232.241,109.122.1.207,ICMP,,,,918,0.098
2025-08-15 16:25:09,56.35.201.241,26.91.209.30,TCP,,,,4456,0.445
2025-08-15 16:25:14,169.216.244.177,161.118.157.114,TCP,,,,232,1.255
2025-08-15 16:25:19,187.92.45.235,109.122.1.207,UDP,,,,1724,1.725
2025-08-15 16:25:24,200.176.202.82,103.46.217.238,TCP,,,,2641,0.942
2025-08-15 16:25:29,123.48.199.124,103.46.217.238,UDP,,,,2797,1.592
2025-08-15 16:25:34,123.48.199.124,26.91.209.30,TCP,,,,2647,1.695
2025-08-15 16:25:39,189.92.105.205,103.46.217.238,TCP,,,,4783,0.267
2025-08-15 16:25:44,16.14.183.45,130.122.109.4,ICMP,,,,1251,1.137
2025-08-15 16:25:49,189.92.105.205,109.122.1.207,UDP,,,,2345,0.181
2025-08-15 16:25:54,187.92.45.235,161.118.157.114,ICMP,,,,953,1.286
2025-08-15 16:25:59,123.48.199.124,103.46.217.238,HTTP,PUT,/main,404,1743,0.724
2025-08-15 16:26:04,98.89.44.217,103.46.217.238,HTTPS,DELETE,/search/category,200,1953,0.777
2025-08-15 16:26:09,14.69.123.253,109.122.1.207,HTTP,DELETE,/search,403,3246,1.151
2025-08-15 16:26:14,221.72.113.221,130.122.109.4,UDP,,,,1231,0.628
2025-08-15 16:26:19,14.69.123.253,210.29.237.248,HTTP,DELETE,/posts,500,2348,1.924
2025-08-15 16:26:24,187.92.45.235,36.230.3.167,HTTPS,DELETE,/explore/tags/main,404,920,0.516
2025-08-15 16:26:29,40.99.105.12,130.122.109.4,HTTPS,HEAD,/wp-content,401,753,0.046
2025-08-15 16:26:34,200.176.202.82,130.122.109.4,UDP,,,,1749,1.006
2025-08-15 16:26:39,165.140.229.70,103.46.217.238,UDP,,,,4029,1.494
2025-08-15 16:26:44,200.176.202.82,161.118.157.114,ICMP,,,,3211,0.066
2025-08-15 16:26:49,16.14.183.45,83.48.170.212,UDP,,,,4390,1.518
2025-08-15 16:26:54,40.99.105.12,103.46.217.238,HTTPS,GET,/category,403,3990,1.975
2025-08-15 16:26:59,61.222.161.82,22.150.127.174,HTTPS,POST,/app/main,301,1273,0.098
2025-08-15 16:27:04,221.72.113.221,109.122.1.207,HTTP,POST,/categories,403,3981,0.443
2025-08-15 16:27:09,200.176.202.82,22.150.127.174,HTTP,POST,/categories/app,500,4598,0.839
2025-08-15 16:27:14,169.216.244.177,210.29.237.248,UDP,,,,4010,1.214
2025-08-15 16:27:19,221.72.113.221,22.150.127.174,TCP,,,,1340,1.329
2025-08-15 16:27:24,169.216.244.177,109.122.1.207,TCP,,,,989,0.067
2025-08-15 16:27:29,221.72.113.221,22.150.127.174,UDP,,,,2816,1.442
2025-08-15 16:27:34,165.140.229.70,22.150.127.174,HTTPS,GET,/main,403,1155,0.56
2025-08-15 16:27:39,189.92.105.205,161.118.157.114,HTTPS,POST,/tags,200,3100,0.869
2025-08-15 16:27:44,189.92.105.205,36.230.3.167,HTTPS,HEAD,/explore/wp-content,403,2925,0.081
2025-08-15 16:27:49,169.216.244.177,161.118.157.114,TCP,,,,4087,0.371
2025-08-15 16:27:54,84.151.193.212,162.127.48.54,HTTP,GET,/list,301,4204,0.631
2025-08-15 16:27:59,98.89.44.217,83.48.170.212,UDP,,,,249,1.746
2025-08-15 16:28:04,56.35.201.241,83.48.170.212,HTTPS,PUT,/wp-content/tag/tags,404,3467,0.195
2025-08-15 16:28:09,40.99.105.12,161.118.157.114,HTTP,HEAD,/tags,200,2424,1.489
2025-08-15 16:28:14,84.151.193.212,162.127.48.54,HTTPS,GET,/tag/wp-content/explore,302,1051,0.877
2025-08-15 16:28:19,187.92.45.235,162.127.48.54,HTTPS,POST,/app,401,948,1.841
2025-08-15 16:28:24,56.35.201.241,210.29.237.248,UDP,,,,403,1.877
2025-08-15 16:28:29,56.35.201.241,210.29.237.248,UDP,,,,1851,0.536
2025-08-15 16:28:34,165.140.229.70,162.127.48.54,HTTPS,PUT,/tag,401,3501,0.89
2025-08-15 16:28:39,61.222.161.82,22.150.127.174,TCP,,,,1166,0.043
2025-08-15 16:28:44,33.19.173.26,161.118.157.114,HTTPS,POST,/search/posts,401,1411,1.831
2025-08-15 16:28:49,108.169.79.244,22.150.127.174,TCP,,,,4620,1.896
2025-08-15 16:28:54,169.216.244.177,162.127.48.54,ICMP,,,,156,1.338
2025-08-15 16:28:59,16.14.183.45,162.127.48.54,ICMP,,,,1303,1.65
2025-08-15 16:29:04,33.19.173.26,83.48.170.212,ICMP,,,,529,1.629
2025-08-15 16:29:09,103.215.232.241,161.118.157.114,HTTP,HEAD,/blog/posts/search,301,2169,0.878
2025-08-15 16:29:14,89.100.60.124,130.122.109.4,TCP,,,,2276,0.891
2025-08-15 16:29:19,187.92.45.235,26.91.209.30,HTTPS,POST,/search/app,200,168,0.268
2025-08-15 16:29:24,98.89.44.217,162.127.48.54,HTTP,POST,/wp-content/posts,301,3345,1.071
2025-08-15 16:29:29,103.215.232.241,162.127.48.54,TCP,,,,2427,1.072
2025-08-15 16:29:34,187.92.45.235,22.150.127.174,ICMP,,,,2440,1.092
2025-08-15 16:29:39,61.222.161.82,83.48.170.212,ICMP,,,,1706,0.269
2025-08-15 16:29:44,108.169.79.244,210.29.237.248,HTTP,DELETE,/explore/blog/explore,401,4129,0.014
2025-08-15 16:29:49,56.35.201.241,26.91.209.30,TCP,,,,2323,0.173
2025-08-15 16:29:54,14.69.123.253,210.29.237.248,TCP,,,,1795,1.63
2025-08-15 16:29:59,123.48.199.124,161.118.157.114,ICMP,,,,2078,1.604
2025-08-15 16:30:04,33.19.173.26,210.29.237.248,UDP,,,,3527,0.577
2025-08-15 16:30:09,89.100.60.124,130.122.109.4,HTTPS,POST,/category/explore,404,593,1.688
2025-08-15 16:30:14,202.157.43.35,103.46.217.238,HTTPS,PUT,/app/posts,403,4881,1.404
2025-08-15 16:30:19,144.225.85.15,83.48.170.212,UDP,,,,4753,0.719
2025-08-15 16:30:24,103.215.232.241,83.48.170.212,HTTPS,HEAD,/main,200,3680,0.974
2025-08-15 16:30:29,169.216.244.177,36.230.3.167,TCP,,,,2301,1.321
2025-08-15 16:30:34,169.216.244.177,130.122.109.4,UDP,,,,1650,0.336
2025-08-15 16:30:39,16.14.183.45,22.150.127.174,TCP,,,,984,0.305
2025-08-15 16:30:44,89.100.60.124,210.29.237.248,ICMP,,,,4836,1.147
2025-08-15 16:30:49,169.216.244.177,162.127.48.54,HTTP,POST,/posts/categories/wp-content,302,2158,0.917
2025-08-15 16:30:54,144.225.85.15,130.122.109.4,UDP,,,,3109,0.761
2025-08-15 16:30:59,169.216.244.177,26.91.209.30,HTTP,DELETE,/explore/search/tags,404,3392,1.55
2025-08-15 16:31:04,14.69.123.253,162.127.48.54,TCP,,,,1049,0.043
2025-08-15 16:31:09,144.225.85.15,103.46.217.238,HTTP,DELETE,/category/app,500,1726,0.641
2025-08-15 16:31:14,40.99.105.12,83.48.170.212,HTTPS,GET,/app/app,401,2882,1.964
2025-08-15 16:31:19,123.48.199.124,83.48.170.212,HTTP,DELETE,/categories/category/posts,401,3657,0.807
2025-08-15 16:31:24,40.99.105.12,130.122.109.4,ICMP,,,,4890,1.036
2025-08-15 16:31:29,89.100.60.124,161.118.157.114,UDP,,,,1122,0.079
2025-08-15 16:31:34,187.92.45.235,109.122.1.207,ICMP,,,,1973,0.309
2025-08-15 16:31:39,61.222.161.82,26.91.209.30,UDP,,,,129,1.793
2025-08-15 16:31:44,84.151.193.212,83.48.170.212,ICMP,,,,2606,1.856
2025-08-15 16:31:49,84.151.193.212,161.118.157.114,TCP,,,,355,0.352
2025-08-15 16:31:54,169.216.244.177,103.46.217.238,HTTP,DELETE,/tag,401,101,1.344
2025-08-15 16:31:59,165.140.229.70,130.122.109.4,HTTPS,PUT,/categories,401,2559,0.873
2025-08-15 16:32:04,200.176.202.82,36.230.3.167,UDP,,,,1910,0.797
2025-08-15 16:32:09,40.99.105.12,36.230.3.167,HTTP,HEAD,/list,500,1137,1.238
2025-08-15 16:32:14,98.89.44.217,36.230.3.167,HTTP,HEAD,/main/categories/app,400,3965,0.799
2025-08-15 16:32:19,202.157.43.35,161.118.157.114,HTTP,GET,/search/explore,404,2042,0.134
2025-08-15 16:32:24,14.69.123.253,109.122.1.207,TCP,,,,768,0.753
2025-08-15 16:32:29,123.48.199.124,162.127.48.54,HTTPS,DELETE,/list/blog/list,500,4282,1.568
2025-08-15 16:32:34,187.92.45.235,109.122.1.207,HTTP,PUT,/posts/wp-content/explore,404,4836,0.423
2025-08-15 16:32:39,144.225.85.15,109.122.1.207,TCP,,,,3813,1.251
2025-08-15 16:32:44,189.92.105.205,103.46.217.238,HTTP,HEAD,/blog/categories/tag,401,3269,1.764
2025-08-15 16:32:49,221.72.113.221,22.150.127.174,ICMP,,,,2424,0.333
2025-08-15 16:32:54,200.176.202.82,83.48.170.212,UDP,,,,1946,1.133
2025-08-15 16:32:59,165.140.229.70,83.48.170.212,UDP,,,,692,1.0
2025-08-15 16:33:04,89.100.60.124,130.122.109.4,ICMP,,,,695,0.191
2025-08-15 16:33:09,16.14.183.45,130.122.109.4,HTTP,HEAD,/main/posts,403,742,1.574
2025-08-15 16:33:14,33.19.173.26,83.48.170.212,HTTP,PUT,/tags/posts/category,403,2548,1.88
2025-08-15 16:33:19,14.69.123.253,210.29.237.248,HTTPS,HEAD,/posts/tags/tags,301,3066,0.605
2025-08-15 16:33:24,108.169.79.244,161.118.157.114,HTTP,DELETE,/category/posts,401,3205,0.571
2025-08-15 16:33:29,189.92.105.205,109.122.1.207,HTTP,GET,/category,403,930,1.588
2025-08-15 16:33:34,98.89.44.217,36.230.3.167,ICMP,,,,4206,0.539
2025-08-15 16:33:39,200.176.202.82,36.230.3.167,HTTP,POST,/main/wp-content/list,404,1785,0.613
2025-08-15 16:33:44,169.216.244.177,26.91.209.30,HTTPS,GET,/blog/search/categories,301,2841,0.991
2025-08-15 16:33:49,14.69.123.253,109.122.1.207,UDP,,,,4097,1.634
2025-08-15 16:33:54,202.157.43.35,162.127.48.54,UDP,,,,1017,1.4
2025-08-15 16:33:59,98.89.44.217,83.48.170.212,HTTPS,PUT,/tag/category,403,2840,1.903
2025-08-15 16:34:04,144.225.85.15,26.91.209.30,UDP,,,,4306,1.192
2025-08-15 16:34:09,221.72.113.221,109.122.1.207,HTTPS,HEAD,/category/list/category,500,4399,0.639
2025-08-15 16:34:14,108.169.79.244,83.48.170.212,HTTP,POST,/tags/search/category,500,830,0.761
2025-08-15 16:34:19,84.151.193.212,210.29.237.248,ICMP,,,,4347,0.013
2025-08-15 16:34:24,165.140.229.70,161.118.157.114,HTTPS,POST,/app,400,4760,0.648
2025-08-15 16:34:29,56.35.201.241,36.230.3.167,UDP,,,,1081,1.869
2025-08-15 16:34:34,33.19.173.26,22.150.127.174,TCP,,,,3072,0.168
2025-08-15 16:34:39,221.72.113.221,103.46.217.238,TCP,,,,2363,0.397
2025-08-15 16:34:44,14.69.123.253,130.122.109.4,HTTPS,DELETE,/tag/wp-content/main,302,3657,1.493
2025-08-15 16:34:49,189.92.105.205,22.150.127.174,HTTP,DELETE,/categories/explore/search,401,2161,1.592
2025-08-15 16:34:54,40.99.105.12,36.230.3.167,HTTPS,DELETE,/posts/main,401,4913,1.252
2025-08-15 16:34:59,123.48.199.124,103.46.217.238,HTTP,POST,/category/categories/search,301,4212,1.598
2025-08-15 16:35:04,33.19.173.26,26.91.209.30,ICMP,,,,1147,1.744
2025-08-15 16:35:09,16.14.183.45,161.118.157.114,UDP,,,,1057,1.429
2025-08-15 16:35:14,187.92.45.235,83.48.170.212,ICMP,,,,3164,1.478
2025-08-15 16:35:19,89.100.60.124,26.91.209.30,UDP,,,,2896,1.021
2025-08-15 16:35:24,202.157.43.35,103.46.217.238,UDP,,,,4389,1.841
2025-08-15 16:35:29,33.19.173.26,130.122.109.4,ICMP,,,,4566,1.163
2025-08-15 16:35:34,123.48.199.124,210.29.237.248,UDP,,,,339,0.898
2025-08-15 16:35:39,108.169.79.244,103.46.217.238,UDP,,,,2060,0.364
2025-08-15 16:35:44,169.216.244.177,130.122.109.4,HTTP,POST,/wp-content/blog/search,404,3704,1.329
2025-08-15 16:35:49,61.222.161.82,162.127.48.54,UDP,,,,3050,0.138
2025-08-15 16:35:54,221.72.113.221,26.91.209.30,ICMP,,,,833,0.038
2025-08-15 16:35:59,33.19.173.26,130.122.109.4,HTTPS,GET,/blog/posts/blog,302,2441,1.196
2025-08-15 16:36:04,221.72.113.221,130.122.109.4,TCP,,,,2169,1.142
2025-08-15 16:36:09,200.176.202.82,26.91.209.30,ICMP,,,,3555,1.53
2025-08-15 16:36:14,40.99.105.12,161.118.157.114,HTTP,PUT,/categories,400,342,1.424
2025-08-15 16:36:19,202.157.43.35,36.230.3.167,HTTP,HEAD,/categories/tag,302,644,0.459
2025-08-15 16:36:24,14.69.123.253,130.122.109.4,UDP,,,,4946,0.179
2025-08-15 16:36:29,187.92.45.235,130.122.109.4,UDP,,,,4908,0.701
2025-08-15 16:36:34,89.100.60.124,162.127.48.54,HTTP,HEAD,/categories/tag,200,1242,1.65
2025-08-15 16:36:39,40.99.105.12,210.29.237.248,TCP,,,,4734,0.877
2025-08-15 16:36:44,16.14.183.45,83.48.170.212,UDP,,,,700,1.695
2025-08-15 16:36:49,200.176.202.82,161.118.157.114,HTTPS,DELETE,/list,400,2837,0.868
2025-08-15 16:36:54,56.35.201.241,36.230.3.167,HTTPS,GET,/posts/tag/list,403,868,1.686
2025-08-15 16:36:59,98.89.44.217,22.150.127.174,UDP,,,,4939,1.348
2025-08-15 16:37:04,89.100.60.124,162.127.48.54,ICMP,,,,866,1.583
2025-08-15 16:37:09,98.89.44.217,130.122.109.4,HTTP,PUT,/posts,302,390,1.79
2025-08-15 16:37:14,189.92.105.205,103.46.217.238,ICMP,,,,1757,1.546
2025-08-15 16:37:19,16.14.183.45,26.91.209.30,ICMP,,,,2736,1.49
2025-08-15 16:37:24,33.19.173.26,83.48.170.212,UDP,,,,4612,0.475
2025-08-15 16:37:29,61.222.161.82,22.150.127.174,HTTP,GET,/app/tags,403,3801,0.142
2025-08-15 16:37:34,33.19.173.26,109.122.1.207,UDP,,,,1418,1.394
2025-08-15 16:37:39,98.89.44.217,26.91.209.30,ICMP,,,,4465,0.07
2025-08-15 16:37:44,14.69.123.253,22.150.127.174,ICMP,,,,2602,1.84
2025-08-15 16:37:49,103.215.232.241,22.150.127.174,UDP,,,,3739,1.079
2025-08-15 16:37:54,16.14.183.45,109.122.1.207,TCP,,,,4749,1.601
2025-08-15 16:37:59,98.89.44.217,161.118.157.114,ICMP,,,,3870,1.944
2025-08-15 16:38:04,144.225.85.15,161.118.157.114,TCP,,,,2800,0.236
2025-08-15 16:38:09,56.35.201.241,22.150.127.174,UDP,,,,186,1.038
2025-08-15 16:38:14,84.151.193.212,26.91.209.30,HTTP,HEAD,/list,401,4578,0.279
2025-08-15 16:38:19,103.215.232.241,210.29.237.248,TCP,,,,1286,1.564
2025-08-15 16:38:24,187.92.45.235,162.127.48.54,HTTP,POST,/category/wp-content,500,2823,0.481
2025-08-15 16:38:29,200.176.202.82,210.29.237.248,ICMP,,,,2383,1.407
2025-08-15 16:38:34,200.176.202.82,162.127.48.54,ICMP,,,,4627,0.067
2025-08-15 16:38:39,103.215.232.241,162.127.48.54,HTTPS,DELETE,/posts/explore,500,1248,0.417
2025-08-15 16:38:44,123.48.199.124,26.91.209.30,HTTP,HEAD,/list/categories,200,1025,1.42
2025-08-15 16:38:49,40.99.105.12,210.29.237.248,ICMP,,,,2039,1.033
2025-08-15 16:38:54,189.92.105.205,103.46.217.238,ICMP,,,,4693,0.762
2025-08-15 16:38:59,14.69.123.253,36.230.3.167,HTTP,POST,/main/posts,200,3674,1.406
2025-08-15 16:39:04,123.48.199.124,22.150.127.174,TCP,,,,3203,0.093
2025-08-15 16:39:09,84.151.193.212,26.91.209.30,ICMP,,,,4080,0.383
2025-08-15 16:39:14,84.151.193.212,210.29.237.248,ICMP,,,,2962,1.218
2025-08-15 16:39:19,169.216.244.177,130.122.109.4,UDP,,,,3109,0.197
2025-08-15 16:39:24,89.100.60.124,162.127.48.54,TCP,,,,1950,1.727
2025-08-15 16:39:29,108.169.79.244,109.122.1.207,HTTP,POST,/posts/explore,302,1760,0.518
2025-08-15 16:39:34,33.19.173.26,130.122.109.4,HTTP,GET,/category/main,401,3725,1.895
2025-08-15 16:39:39,108.169.79.244,36.230.3.167,ICMP,,,,639,0.044
2025-08-15 16:39:44,187.92.45.235,161.118.157.114,TCP,,,,625,1.758
2025-08-15 16:39:49,98.89.44.217,161.118.157.114,UDP,,,,1583,0.718
2025-08-15 16:39:54,165.140.229.70,36.230.3.167,HTTPS,POST,/explore/category,500,3408,0.481
2025-08-15 16:39:59,165.140.229.70,36.230.3.167,HTTPS,DELETE,/explore/search/posts,401,4862,0.668
2025-08-15 16:40:04,202.157.43.35,161.118.157.114,HTTPS,POST,/category/app/wp-content,200,1120,0.29
2025-08-15 16:40:09,98.89.44.217,161.118.157.114,ICMP,,,,813,0.91
2025-08-15 16:40:14,61.222.161.82,210.29.237.248,HTTP,PUT,/main/tags,302,4606,1.287
2025-08-15 16:40:19,56.35.201.241,130.122.109.4,TCP,,,,2754,0.669
2025-08-15 16:40:24,144.225.85.15,130.122.109.4,HTTPS,PUT,/main/explore,500,3461,0.343
2025-08-15 16:40:29,33.19.173.26,210.29.237.248,TCP,,,,3663,1.991
2025-08-15 16:40:34,187.92.45.235,22.150.127.174,HTTPS,PUT,/categories/app,400,2868,1.249
2025-08-15 16:40:39,221.72.113.221,103.46.217.238,TCP,,,,1282,0.763
2025-08-15 16:40:44,200.176.202.82,210.29.237.248,TCP,,,,3683,1.85
2025-08-15 16:40:49,200.176.202.82,36.230.3.167,HTTP,PUT,/app,500,4055,0.484
2025-08-15 16:40:54,189.92.105.205,22.150.127.174,UDP,,,,926,0.794
2025-08-15 16:40:59,98.89.44.217,103.46.217.238,UDP,,,,2980,0.772
2025-08-15 16:41:04,200.176.202.82,103.46.217.238,HTTP,DELETE,/main/wp-content,401,2630,0.597
2025-08-15 16:41:09,169.216.244.177,109.122.1.207,ICMP,,,,1021,1.339
2025-08-15 16:41:14,187.92.45.235,22.150.127.174,HTTP,POST,/tag/search,200,2896,0.264
2025-08-15 16:41:19,108.169.79.244,130.122.109.4,ICMP,,,,2585,0.933
2025-08-15 16:41:24,89.100.60.124,83.48.170.212,ICMP,,,,2265,0.571
2025-08-15 16:41:29,84.151.193.212,83.48.170.212,HTTPS,PUT,/main,403,857,1.755
2025-08-15 16:41:34,202.157.43.35,36.230.3.167,UDP,,,,2283,0.585
2025-08-15 16:41:39,144.225.85.15,103.46.217.238,HTTP,PUT,/main/category,301,562,0.898
2025-08-15 16:41:44,202.157.43.35,103.46.217.238,UDP,,,,1497,1.453
2025-08-15 16:41:49,144.225.85.15,26.91.209.30,HTTP,DELETE,/explore/posts,500,2845,1.411
2025-08-15 16:41:54,16.14.183.45,83.48.170.212,TCP,,,,460,1.186
2025-08-15 16:41:59,40.99.105.12,161.118.157.114,HTTPS,POST,/categories/list,301,2344,0.145
2025-08-15 16:42:04,61.222.161.82,109.122.1.207,TCP,,,,2141,1.837
2025-08-15 16:42:09,189.92.105.205,83.48.170.212,ICMP,,,,269,1.575
2025-08-15 16:42:14,189.92.105.205,130.122.109.4,HTTPS,HEAD,/list/tag,400,1693,1.449
2025-08-15 16:42:19,98.89.44.217,22.150.127.174,ICMP,,,,1553,1.346
2025-08-15 16:42:24,221.72.113.221,36.230.3.167,HTTPS,DELETE,/main,302,3641,0.417
2025-08-15 16:42:29,202.157.43.35,103.46.217.238,UDP,,,,4598,0.891
2025-08-15 16:42:34,98.89.44.217,109.122.1.207,ICMP,,,,1373,2.0
2025-08-15 16:42:39,202.157.43.35,26.91.209.30,ICMP,,,,1107,1.438
2025-08-15 16:42:44,169.216.244.177,130.122.109.4,ICMP,,,,2781,1.867
2025-08-15 16:42:49,221.72.113.221,109.122.1.207,UDP,,,,2555,1.17
2025-08-15 16:42:54,187.92.45.235,210.29.237.248,ICMP,,,,2444,0.512
2025-08-15 16:42:59,40.99.105.12,22.150.127.174,HTTPS,POST,/main/wp-content,200,3783,1.984
2025-08-15 16:43:04,123.48.199.124,162.127.48.54,UDP,,,,183,0.303
2025-08-15 16:43:09,89.100.60.124,83.48.170.212,ICMP,,,,2176,1.842
2025-08-15 16:43:14,98.89.44.217,36.230.3.167,HTTP,GET,/tag/tags,200,2566,1.414
2025-08-15 16:43:19,103.215.232.241,162.127.48.54,UDP,,,,650,1.834
2025-08-15 16:43:24,189.92.105.205,103.46.217.238,UDP,,,,4413,1.107
2025-08-15 16:43:29,189.92.105.205,109.122.1.207,UDP,,,,233,0.688
2025-08-15 16:43:34,108.169.79.244,36.230.3.167,HTTPS,POST,/main/main,200,1520,1.146
2025-08-15 16:43:39,98.89.44.217,210.29.237.248,UDP,,,,1684,1.737
2025-08-15 16:43:44,61.222.161.82,130.122.109.4,TCP,,,,2695,1.85
2025-08-15 16:43:49,84.151.193.212,22.150.127.174,UDP,,,,3583,0.567
2025-08-15 16:43:54,14.69.123.253,161.118.157.114,HTTP,DELETE,/app/list/categories,301,887,0.027
2025-08-15 16:43:59,123.48.199.124,36.230.3.167,HTTPS,PUT,/main/categories,400,375,0.82
2025-08-15 16:44:04,108.169.79.244,103.46.217.238,UDP,,,,1354,1.851
2025-08-15 16:44:09,144.225.85.15,103.46.217.238,UDP,,,,282,1.035
2025-08-15 16:44:14,123.48.199.124,161.118.157.114,UDP,,,,4521,1.006
2025-08-15 16:44:19,61.222.161.82,109.122.1.207,ICMP,,,,1315,1.005
2025-08-15 16:44:24,189.92.105.205,109.122.1.207,TCP,,,,2833,1.892
2025-08-15 16:44:29,84.151.193.212,36.230.3.167,ICMP,,,,1624,1.988
2025-08-15 16:44:34,16.14.183.45,210.29.237.248,UDP,,,,1417,1.775
2025-08-15 16:44:39,56.35.201.241,22.150.127.174,UDP,,,,461,1.89
2025-08-15 16:44:44,165.140.229.70,36.230.3.167,HTTPS,HEAD,/search/wp-content,301,2351,0.967
2025-08-15 16:44:49,89.100.60.124,210.29.237.248,ICMP,,,,984,0.424
2025-08-15 16:44:54,202.157.43.35,109.122.1.207,ICMP,,,,3004,1.357
2025-08-15 16:44:59,103.215.232.241,161.118.157.114,HTTP,DELETE,/wp-content,200,3081,0.962
2025-08-15 16:45:04,221.72.113.221,109.122.1.207,HTTP,PUT,/tags/tags,200,2059,0.803
2025-08-15 16:45:09,165.140.229.70,103.46.217.238,ICMP,,,,1039,1.246
2025-08-15 16:45:14,169.216.244.177,109.122.1.207,TCP,,,,228,0.602
2025-08-15 16:45:19,189.92.105.205,83.48.170.212,TCP,,,,2793,0.961
2025-08-15 16:45:24,56.35.201.241,161.118.157.114,UDP,,,,4529,0.624
2025-08-15 16:45:29,40.99.105.12,22.150.127.174,UDP,,,,2260,1.199
2025-08-15 16:45:34,202.157.43.35,162.127.48.54,UDP,,,,1118,0.149
2025-08-15 16:45:39,61.222.161.82,36.230.3.167,TCP,,,,2068,1.845
2025-08-15 16:45:44,103.215.232.241,83.48.170.212,HTTPS,HEAD,/categories/blog/list,200,1720,1.171
2025-08-15 16:45:49,40.99.105.12,22.150.127.174,HTTP,DELETE,/app/tag,400,352,1.98
2025-08-15 16:45:54,221.72.113.221,210.29.237.248,UDP,,,,3663,1.324
2025-08-15 16:45:59,202.157.43.35,109.122.1.207,TCP,,,,346,1.76
2025-08-15 16:46:04,189.92.105.205,36.230.3.167,HTTPS,DELETE,/app/main/tag,404,663,0.557
2025-08-15 16:46:09,169.216.244.177,103.46.217.238,HTTPS,POST,/categories/categories,400,3228,1.29
2025-08-15 16:46:14,221.72.113.221,103.46.217.238,HTTP,PUT,/blog/category/app,404,2714,0.31
2025-08-15 16:46:19,221.72.113.221,109.122.1.207,TCP,,,,2442,1.887
2025-08-15 16:46:24,144.225.85.15,36.230.3.167,HTTPS,DELETE,/tag/explore,500,2429,0.036
2025-08-15 16:46:29,189.92.105.205,83.48.170.212,TCP,,,,497,1.318
2025-08-15 16:46:34,89.100.60.124,36.230.3.167,HTTPS,HEAD,/wp-content/tags/search,400,572,1.134
2025-08-15 16:46:39,123.48.199.124,36.230.3.167,HTTP,DELETE,/main/categories/blog,301,3305,1.91
2025-08-15 16:46:44,103.215.232.241,210.29.237.248,TCP,,,,2461,0.85
2025-08-15 16:46:49,202.157.43.35,36.230.3.167,ICMP,,,,1685,1.984
2025-08-15 16:46:54,221.72.113.221,109.122.1.207,HTTPS,GET,/categories,301,393,0.891
2025-08-15 16:46:59,165.140.229.70,26.91.209.30,UDP,,,,3595,1.591
2025-08-15 16:47:04,169.216.244.177,83.48.170.212,UDP,,,,4870,0.111
2025-08-15 16:47:09,56.35.201.241,161.118.157.114,TCP,,,,606,1.272
2025-08-15 16:47:14,14.69.123.253,162.127.48.54,TCP,,,,3637,0.887
2025-08-15 16:47:19,165.140.229.70,83.48.170.212,TCP,,,,2853,1.693
2025-08-15 16:47:24,61.222.161.82,26.91.209.30,ICMP,,,,4716,1.288
2025-08-15 16:47:29,14.69.123.253,83.48.170.212,UDP,,,,3959,1.976
2025-08-15 16:47:34,89.100.60.124,36.230.3.167,UDP,,,,2515,0.224
2025-08-15 16:47:39,40.99.105.12,103.46.217.238,HTTPS,POST,/explore/posts/categories,500,4890,1.134
2025-08-15 16:47:44,165.140.229.70,83.48.170.212,UDP,,,,1300,0.78
2025-08-15 16:47:49,14.69.123.253,161.118.157.114,HTTPS,PUT,/tags/tag/blog,301,307,1.509
2025-08-15 16:47:54,14.69.123.253,36.230.3.167,ICMP,,,,4818,0.491
2025-08-15 16:47:59,221.72.113.221,130.122.109.4,HTTP,POST,/explore/main/posts,302,1906,0.858
2025-08-15 16:48:04,144.225.85.15,162.127.48.54,HTTPS,DELETE,/explore,404,721,1.831
2025-08-15 16:48:09,16.14.183.45,103.46.217.238,HTTP,DELETE,/search/tags,401,1665,1.439
2025-08-15 16:48:14,56.35.201.241,162.127.48.54,HTTP,PUT,/blog,404,1706,1.369
2025-08-15 16:48:19,108.169.79.244,210.29.237.248,UDP,,,,2911,1.377
2025-08-15 16:48:24,61.222.161.82,130.122.109.4,UDP,,,,1311,1.558
2025-08-15 16:48:29,89.100.60.124,210.29.237.248,ICMP,,,,205,0.853
2025-08-15 16:48:34,189.92.105.205,109.122.1.207,ICMP,,,,3382,0.476
2025-08-15 16:48:39,33.19.173.26,210.29.237.248,TCP,,,,1022,0.05
2025-08-15 16:48:44,16.14.183.45,162.127.48.54,ICMP,,,,1311,1.399
2025-08-15 16:48:49,56.35.201.241,210.29.237.248,TCP,,,,356,1.166
2025-08-15 16:48:54,202.157.43.35,109.122.1.207,HTTP,POST,/explore/tag/main,302,3633,0.227
2025-08-15 16:48:59,202.157.43.35,210.29.237.248,UDP,,,,2715,0.067
2025-08-15 16:49:04,189.92.105.205,36.230.3.167,HTTP,POST,/blog,404,3279,1.509
2025-08-15 16:49:09,144.225.85.15,210.29.237.248,HTTPS,DELETE,/list/posts,200,2095,1.314
2025-08-15 16:49:14,56.35.201.241,161.118.157.114,UDP,,,,4763,0.643
2025-08-15 16:49:19,103.215.232.241,130.122.109.4,HTTP,HEAD,/categories/tags,500,4887,1.857
2025-08-15 16:49:24,165.140.229.70,161.118.157.114,HTTPS,GET,/category/main/category,404,4895,1.243
2025-08-15 16:49:29,144.225.85.15,210.29.237.248,ICMP,,,,3859,1.355
2025-08-15 16:49:34,189.92.105.205,210.29.237.248,TCP,,,,4868,1.974
2025-08-15 16:49:39,33.19.173.26,83.48.170.212,ICMP,,,,1685,0.83
2025-08-15 16:49:44,189.92.105.205,83.48.170.212,HTTPS,PUT,/app/categories/tags,301,4199,1.678
2025-08-15 16:49:49,89.100.60.124,162.127.48.54,HTTP,DELETE,/blog,500,412,0.146
2025-08-15 16:49:54,187.92.45.235,22.150.127.174,HTTPS,DELETE,/tag,200,4679,1.485
2025-08-15 16:49:59,33.19.173.26,162.127.48.54,HTTP,GET,/posts,403,1295,0.995
2025-08-15 16:50:04,221.72.113.221,26.91.209.30,TCP,,,,4408,1.895
2025-08-15 16:50:09,187.92.45.235,83.48.170.212,TCP,,,,2181,1.761
2025-08-15 16:50:14,144.225.85.15,22.150.127.174,HTTPS,GET,/tags,301,4589,0.082
2025-08-15 16:50:19,221.72.113.221,83.48.170.212,TCP,,,,2927,0.017
2025-08-15 16:50:24,103.215.232.241,162.127.48.54,UDP,,,,4298,0.062
2025-08-15 16:50:29,202.157.43.35,83.48.170.212,HTTP,PUT,/posts/categories,301,4083,0.255
2025-08-15 16:50:34,108.169.79.244,22.150.127.174,TCP,,,,2559,1.653
2025-08-15 16:50:39,40.99.105.12,210.29.237.248,ICMP,,,,3967,1.919
2025-08-15 16:50:44,56.35.201.241,109.122.1.207,TCP,,,,463,1.542
2025-08-15 16:50:49,61.222.161.82,22.150.127.174,HTTP,PUT,/main/main/search,401,1536,0.886
2025-08-15 16:50:54,16.14.183.45,130.122.109.4,UDP,,,,2761,1.675
2025-08-15 16:50:59,56.35.201.241,210.29.237.248,HTTPS,PUT,/search/tags,302,681,0.407
2025-08-15 16:51:04,165.140.229.70,210.29.237.248,ICMP,,,,454,0.966
2025-08-15 16:51:09,202.157.43.35,130.122.109.4,HTTP,POST,/categories,301,3818,0.787
2025-08-15 16:51:14,221.72.113.221,22.150.127.174,TCP,,,,952,1.162
2025-08-15 16:51:19,189.92.105.205,161.118.157.114,UDP,,,,2309,1.948
2025-08-15 16:51:24,221.72.113.221,103.46.217.238,UDP,,,,743,1.19
2025-08-15 16:51:29,165.140.229.70,22.150.127.174,ICMP,,,,4228,0.608
2025-08-15 16:51:34,202.157.43.35,22.150.127.174,HTTP,HEAD,/explore,500,2206,1.129
2025-08-15 16:51:39,16.14.183.45,103.46.217.238,HTTPS,DELETE,/explore/list,403,1567,0.1
2025-08-15 16:51:44,56.35.201.241,36.230.3.167,HTTPS,HEAD,/explore/explore/explore,400,4204,1.672
2025-08-15 16:51:49,89.100.60.124,130.122.109.4,HTTP,HEAD,/list/category,301,4360,0.622
2025-08-15 16:51:54,40.99.105.12,109.122.1.207,HTTPS,HEAD,/main/main,404,296,0.486
2025-08-15 16:51:59,187.92.45.235,36.230.3.167,TCP,,,,208,0.053
2025-08-15 16:52:04,89.100.60.124,161.118.157.114,HTTP,DELETE,/app,400,2767,1.925
2025-08-15 16:52:09,103.215.232.241,130.122.109.4,UDP,,,,504,1.113
2025-08-15 16:52:14,98.89.44.217,130.122.109.4,HTTP,HEAD,/posts/tag,404,4520,1.075
2025-08-15 16:52:19,103.215.232.241,83.48.170.212,ICMP,,,,4425,1.477
2025-08-15 16:52:24,202.157.43.35,162.127.48.54,ICMP,,,,4058,1.85
2025-08-15 16:52:29,61.222.161.82,83.48.170.212,HTTPS,PUT,/blog/explore,500,2754,1.729
2025-08-15 16:52:34,202.157.43.35,210.29.237.248,UDP,,,,1778,0.727
2025-08-15 16:52:39,165.140.229.70,26.91.209.30,ICMP,,,,320,0.372
2025-08-15 16:52:44,187.92.45.235,210.29.237.248,HTTP,POST,/wp-content/categories,500,1837,1.636
2025-08-15 16:52:49,189.92.105.205,109.122.1.207,TCP,,,,4085,1.08
2025-08-15 16:52:54,89.100.60.124,210.29.237.248,ICMP,,,,2481,1.492
2025-08-15 16:52:59,187.92.45.235,103.46.217.238,UDP,,,,3299,1.823
2025-08-15 16:53:04,200.176.202.82,161.118.157.114,HTTP,HEAD,/search/tags/search,404,3627,1.929
2025-08-15 16:53:09,144.225.85.15,103.46.217.238,HTTP,DELETE,/blog/explore,200,1382,0.128
2025-08-15 16:53:14,40.99.105.12,130.122.109.4,UDP,,,,1851,1.782
2025-08-15 16:53:19,40.99.105.12,103.46.217.238,ICMP,,,,3461,1.407
2025-08-15 16:53:24,123.48.199.124,161.118.157.114,UDP,,,,2891,0.071
2025-08-15 16:53:29,16.14.183.45,210.29.237.248,UDP,,,,2036,1.265
2025-08-15 16:53:34,103.215.232.241,130.122.109.4,ICMP,,,,3376,0.386
2025-08-15 16:53:39,16.14.183.45,210.29.237.248,HTTP,DELETE,/main,301,2373,1.407
2025-08-15 16:53:44,165.140.229.70,210.29.237.248,HTTPS,GET,/search,500,3620,0.087
2025-08-15 16:53:49,98.89.44.217,161.118.157.114,TCP,,,,2982,1.004
2025-08-15 16:53:54,221.72.113.221,130.122.109.4,ICMP,,,,4101,1.743
2025-08-15 16:53:59,165.140.229.70,130.122.109.4,TCP,,,,3162,1.233
2025-08-15 16:54:04,169.216.244.177,109.122.1.207,UDP,,,,1465,1.292
2025-08-15 16:54:09,98.89.44.217,161.118.157.114,HTTPS,PUT,/list/posts/categories,500,1533,0.891
2025-08-15 16:54:14,221.72.113.221,83.48.170.212,TCP,,,,3300,0.725
2025-08-15 16:54:19,16.14.183.45,210.29.237.248,TCP,,,,1519,1.169
2025-08-15 16:54:24,33.19.173.26,130.122.109.4,UDP,,,,4972,1.769
2025-08-15 16:54:29,103.215.232.241,161.118.157.114,HTTPS,HEAD,/categories,403,3349,1.886
2025-08-15 16:54:34,123.48.199.124,210.29.237.248,HTTPS,POST,/posts,400,189,0.144
2025-08-15 16:54:39,56.35.201.241,210.29.237.248,UDP,,,,3253,1.472
2025-08-15 16:54:44,108.169.79.244,26.91.209.30,UDP,,,,3799,1.492
2025-08-15 16:54:49,144.225.85.15,83.48.170.212,TCP,,,,741,1.632
2025-08-15 16:54:54,169.216.244.177,26.91.209.30,UDP,,,,749,0.784
2025-08-15 16:54:59,61.222.161.82,109.122.1.207,HTTPS,DELETE,/search/list/list,400,1998,1.18
2025-08-15 16:55:04,14.69.123.253,103.46.217.238,TCP,,,,985,0.982
2025-08-15 16:55:09,98.89.44.217,161.118.157.114,UDP,,,,4432,0.469
2025-08-15 16:55:14,89.100.60.124,210.29.237.248,HTTP,DELETE,/posts/tag/app,302,1009,1.943
